"filename", "language", "Go", "JavaScript", "CSS", "HTML", "Markdown", "Makefile", "XML", "comment", "blank", "total"
"/Users/jianglind/Desktop/code/seaweedfs/weed/Makefile", "Makefile", 0, 0, 0, 0, 0, 39, 0, 0, 16, 55
"/Users/jianglind/Desktop/code/seaweedfs/weed/cluster/cluster.go", "Go", 247, 0, 0, 0, 0, 0, 0, 3, 15, 265
"/Users/jianglind/Desktop/code/seaweedfs/weed/cluster/cluster_test.go", "Go", 37, 0, 0, 0, 0, 0, 0, 2, 9, 48
"/Users/jianglind/Desktop/code/seaweedfs/weed/command/autocomplete.go", "Go", 89, 0, 0, 0, 0, 0, 0, 0, 21, 110
"/Users/jianglind/Desktop/code/seaweedfs/weed/command/backup.go", "Go", 131, 0, 0, 0, 0, 0, 0, 3, 22, 156
"/Users/jianglind/Desktop/code/seaweedfs/weed/command/benchmark.go", "Go", 547, 0, 0, 0, 0, 0, 0, 3, 53, 603
"/Users/jianglind/Desktop/code/seaweedfs/weed/command/command.go", "Go", 68, 0, 0, 0, 0, 0, 0, 13, 13, 94
"/Users/jianglind/Desktop/code/seaweedfs/weed/command/compact.go", "Go", 48, 0, 0, 0, 0, 0, 0, 0, 12, 60
"/Users/jianglind/Desktop/code/seaweedfs/weed/command/download.go", "Go", 120, 0, 0, 0, 0, 0, 0, 1, 17, 138
"/Users/jianglind/Desktop/code/seaweedfs/weed/command/export.go", "Go", 231, 0, 0, 0, 0, 0, 0, 1, 36, 268
"/Users/jianglind/Desktop/code/seaweedfs/weed/command/filer.go", "Go", 207, 0, 0, 0, 0, 0, 0, 8, 35, 250
"/Users/jianglind/Desktop/code/seaweedfs/weed/command/filer_backup.go", "Go", 93, 0, 0, 0, 0, 0, 0, 3, 25, 121
"/Users/jianglind/Desktop/code/seaweedfs/weed/command/filer_cat.go", "Go", 99, 0, 0, 0, 0, 0, 0, 0, 25, 124
"/Users/jianglind/Desktop/code/seaweedfs/weed/command/filer_copy.go", "Go", 558, 0, 0, 0, 0, 0, 0, 7, 91, 656
"/Users/jianglind/Desktop/code/seaweedfs/weed/command/filer_meta_backup.go", "Go", 190, 0, 0, 0, 0, 0, 0, 2, 46, 238
"/Users/jianglind/Desktop/code/seaweedfs/weed/command/filer_meta_tail.go", "Go", 174, 0, 0, 0, 0, 0, 0, 2, 20, 196
"/Users/jianglind/Desktop/code/seaweedfs/weed/command/filer_remote_gateway.go", "Go", 97, 0, 0, 0, 0, 0, 0, 3, 20, 120
"/Users/jianglind/Desktop/code/seaweedfs/weed/command/filer_remote_gateway_buckets.go", "Go", 356, 0, 0, 0, 0, 0, 0, 9, 36, 401
"/Users/jianglind/Desktop/code/seaweedfs/weed/command/filer_remote_sync.go", "Go", 81, 0, 0, 0, 0, 0, 0, 0, 19, 100
"/Users/jianglind/Desktop/code/seaweedfs/weed/command/filer_remote_sync_dir.go", "Go", 213, 0, 0, 0, 0, 0, 0, 4, 21, 238
"/Users/jianglind/Desktop/code/seaweedfs/weed/command/filer_replication.go", "Go", 125, 0, 0, 0, 0, 0, 0, 2, 22, 149
"/Users/jianglind/Desktop/code/seaweedfs/weed/command/filer_sync.go", "Go", 273, 0, 0, 0, 0, 0, 0, 19, 57, 349
"/Users/jianglind/Desktop/code/seaweedfs/weed/command/filer_sync_std.go", "Go", 4, 0, 0, 0, 0, 0, 0, 2, 3, 9
"/Users/jianglind/Desktop/code/seaweedfs/weed/command/filer_sync_windows.go", "Go", 10, 0, 0, 0, 0, 0, 0, 0, 3, 13
"/Users/jianglind/Desktop/code/seaweedfs/weed/command/fix.go", "Go", 115, 0, 0, 0, 0, 0, 0, 0, 19, 134
"/Users/jianglind/Desktop/code/seaweedfs/weed/command/fuse.go", "Go", 212, 0, 0, 0, 0, 0, 0, 14, 35, 261
"/Users/jianglind/Desktop/code/seaweedfs/weed/command/iam.go", "Go", 81, 0, 0, 0, 0, 0, 0, 0, 15, 96
"/Users/jianglind/Desktop/code/seaweedfs/weed/command/imports.go", "Go", 30, 0, 0, 0, 0, 0, 0, 0, 5, 35
"/Users/jianglind/Desktop/code/seaweedfs/weed/command/master.go", "Go", 182, 0, 0, 0, 0, 0, 0, 28, 34, 244
"/Users/jianglind/Desktop/code/seaweedfs/weed/command/master_follower.go", "Go", 114, 0, 0, 0, 0, 0, 0, 3, 26, 143
"/Users/jianglind/Desktop/code/seaweedfs/weed/command/mount.go", "Go", 76, 0, 0, 0, 0, 0, 0, 0, 11, 87
"/Users/jianglind/Desktop/code/seaweedfs/weed/command/mount_darwin.go", "Go", 10, 0, 0, 0, 0, 0, 0, 0, 4, 14
"/Users/jianglind/Desktop/code/seaweedfs/weed/command/mount_freebsd.go", "Go", 10, 0, 0, 0, 0, 0, 0, 0, 4, 14
"/Users/jianglind/Desktop/code/seaweedfs/weed/command/mount_linux.go", "Go", 92, 0, 0, 0, 0, 0, 0, 35, 29, 156
"/Users/jianglind/Desktop/code/seaweedfs/weed/command/mount_notsupported.go", "Go", 9, 0, 0, 0, 0, 0, 0, 2, 5, 16
"/Users/jianglind/Desktop/code/seaweedfs/weed/command/mount_std.go", "Go", 210, 0, 0, 0, 0, 0, 0, 13, 39, 262
"/Users/jianglind/Desktop/code/seaweedfs/weed/command/msg_broker.go", "Go", 85, 0, 0, 0, 0, 0, 0, 1, 24, 110
"/Users/jianglind/Desktop/code/seaweedfs/weed/command/s3.go", "Go", 189, 0, 0, 0, 0, 0, 0, 1, 32, 222
"/Users/jianglind/Desktop/code/seaweedfs/weed/command/scaffold.go", "Go", 54, 0, 0, 0, 0, 0, 0, 0, 11, 65
"/Users/jianglind/Desktop/code/seaweedfs/weed/command/scaffold/example.go", "Go", 8, 0, 0, 0, 0, 0, 0, 6, 8, 22
"/Users/jianglind/Desktop/code/seaweedfs/weed/command/scaffold_test.go", "Go", 30, 0, 0, 0, 0, 0, 0, 1, 14, 45
"/Users/jianglind/Desktop/code/seaweedfs/weed/command/server.go", "Go", 229, 0, 0, 0, 0, 0, 0, 5, 49, 283
"/Users/jianglind/Desktop/code/seaweedfs/weed/command/shell.go", "Go", 49, 0, 0, 0, 0, 0, 0, 0, 15, 64
"/Users/jianglind/Desktop/code/seaweedfs/weed/command/upload.go", "Go", 127, 0, 0, 0, 0, 0, 0, 0, 16, 143
"/Users/jianglind/Desktop/code/seaweedfs/weed/command/version.go", "Go", 19, 0, 0, 0, 0, 0, 0, 0, 6, 25
"/Users/jianglind/Desktop/code/seaweedfs/weed/command/volume.go", "Go", 327, 0, 0, 0, 0, 0, 0, 16, 57, 400
"/Users/jianglind/Desktop/code/seaweedfs/weed/command/volume_test.go", "Go", 10, 0, 0, 0, 0, 0, 0, 0, 4, 14
"/Users/jianglind/Desktop/code/seaweedfs/weed/command/webdav.go", "Go", 117, 0, 0, 0, 0, 0, 0, 3, 24, 144
"/Users/jianglind/Desktop/code/seaweedfs/weed/filer/abstract_sql/abstract_sql_store.go", "Go", 292, 0, 0, 0, 0, 0, 0, 4, 70, 366
"/Users/jianglind/Desktop/code/seaweedfs/weed/filer/abstract_sql/abstract_sql_store_kv.go", "Go", 75, 0, 0, 0, 0, 0, 0, 3, 28, 106
"/Users/jianglind/Desktop/code/seaweedfs/weed/filer/cassandra/cassandra_store.go", "Go", 182, 0, 0, 0, 0, 0, 0, 2, 40, 224
"/Users/jianglind/Desktop/code/seaweedfs/weed/filer/cassandra/cassandra_store_kv.go", "Go", 48, 0, 0, 0, 0, 0, 0, 0, 15, 63
"/Users/jianglind/Desktop/code/seaweedfs/weed/filer/configuration.go", "Go", 78, 0, 0, 0, 0, 0, 0, 3, 13, 94
"/Users/jianglind/Desktop/code/seaweedfs/weed/filer/elastic/v7/elastic_store.go", "Go", 281, 0, 0, 0, 0, 0, 0, 0, 27, 308
"/Users/jianglind/Desktop/code/seaweedfs/weed/filer/elastic/v7/elastic_store_kv.go", "Go", 59, 0, 0, 0, 0, 0, 0, 0, 7, 66
"/Users/jianglind/Desktop/code/seaweedfs/weed/filer/entry.go", "Go", 119, 0, 0, 0, 0, 0, 0, 1, 19, 139
"/Users/jianglind/Desktop/code/seaweedfs/weed/filer/entry_codec.go", "Go", 115, 0, 0, 0, 0, 0, 0, 0, 25, 140
"/Users/jianglind/Desktop/code/seaweedfs/weed/filer/etcd/etcd_store.go", "Go", 177, 0, 0, 0, 0, 0, 0, 0, 43, 220
"/Users/jianglind/Desktop/code/seaweedfs/weed/filer/etcd/etcd_store_kv.go", "Go", 30, 0, 0, 0, 0, 0, 0, 0, 15, 45
"/Users/jianglind/Desktop/code/seaweedfs/weed/filer/filechunk_manifest.go", "Go", 212, 0, 0, 0, 0, 0, 0, 7, 38, 257
"/Users/jianglind/Desktop/code/seaweedfs/weed/filer/filechunk_manifest_test.go", "Go", 102, 0, 0, 0, 0, 0, 0, 0, 12, 114
"/Users/jianglind/Desktop/code/seaweedfs/weed/filer/filechunks.go", "Go", 242, 0, 0, 0, 0, 0, 0, 15, 57, 314
"/Users/jianglind/Desktop/code/seaweedfs/weed/filer/filechunks2_test.go", "Go", 37, 0, 0, 0, 0, 0, 0, 0, 10, 47
"/Users/jianglind/Desktop/code/seaweedfs/weed/filer/filechunks_read.go", "Go", 109, 0, 0, 0, 0, 0, 0, 1, 10, 120
"/Users/jianglind/Desktop/code/seaweedfs/weed/filer/filechunks_read_test.go", "Go", 185, 0, 0, 0, 0, 0, 0, 2, 24, 211
"/Users/jianglind/Desktop/code/seaweedfs/weed/filer/filechunks_test.go", "Go", 474, 0, 0, 0, 0, 0, 0, 20, 46, 540
"/Users/jianglind/Desktop/code/seaweedfs/weed/filer/filer.go", "Go", 265, 0, 0, 0, 0, 0, 0, 12, 56, 333
"/Users/jianglind/Desktop/code/seaweedfs/weed/filer/filer_buckets.go", "Go", 94, 0, 0, 0, 0, 0, 0, 0, 32, 126
"/Users/jianglind/Desktop/code/seaweedfs/weed/filer/filer_conf.go", "Go", 164, 0, 0, 0, 0, 0, 0, 2, 26, 192
"/Users/jianglind/Desktop/code/seaweedfs/weed/filer/filer_conf_test.go", "Go", 41, 0, 0, 0, 0, 0, 0, 0, 9, 50
"/Users/jianglind/Desktop/code/seaweedfs/weed/filer/filer_delete_entry.go", "Go", 126, 0, 0, 0, 0, 0, 0, 6, 29, 161
"/Users/jianglind/Desktop/code/seaweedfs/weed/filer/filer_deletion.go", "Go", 136, 0, 0, 0, 0, 0, 0, 0, 19, 155
"/Users/jianglind/Desktop/code/seaweedfs/weed/filer/filer_notify.go", "Go", 153, 0, 0, 0, 0, 0, 0, 8, 27, 188
"/Users/jianglind/Desktop/code/seaweedfs/weed/filer/filer_notify_append.go", "Go", 69, 0, 0, 0, 0, 0, 0, 6, 12, 87
"/Users/jianglind/Desktop/code/seaweedfs/weed/filer/filer_notify_test.go", "Go", 42, 0, 0, 0, 0, 0, 0, 0, 12, 54
"/Users/jianglind/Desktop/code/seaweedfs/weed/filer/filer_on_meta_event.go", "Go", 84, 0, 0, 0, 0, 0, 0, 5, 12, 101
"/Users/jianglind/Desktop/code/seaweedfs/weed/filer/filer_rename.go", "Go", 27, 0, 0, 0, 0, 0, 0, 0, 4, 31
"/Users/jianglind/Desktop/code/seaweedfs/weed/filer/filer_search.go", "Go", 85, 0, 0, 0, 0, 0, 0, 2, 17, 104
"/Users/jianglind/Desktop/code/seaweedfs/weed/filer/filerstore.go", "Go", 40, 0, 0, 0, 0, 0, 0, 3, 10, 53
"/Users/jianglind/Desktop/code/seaweedfs/weed/filer/filerstore_hardlink.go", "Go", 82, 0, 0, 0, 0, 0, 0, 3, 18, 103
"/Users/jianglind/Desktop/code/seaweedfs/weed/filer/filerstore_translate_path.go", "Go", 126, 0, 0, 0, 0, 0, 0, 0, 33, 159
"/Users/jianglind/Desktop/code/seaweedfs/weed/filer/filerstore_wrapper.go", "Go", 294, 0, 0, 0, 0, 0, 0, 3, 47, 344
"/Users/jianglind/Desktop/code/seaweedfs/weed/filer/hbase/hbase_store.go", "Go", 193, 0, 0, 0, 0, 0, 0, 2, 37, 232
"/Users/jianglind/Desktop/code/seaweedfs/weed/filer/hbase/hbase_store_kv.go", "Go", 66, 0, 0, 0, 0, 0, 0, 0, 11, 77
"/Users/jianglind/Desktop/code/seaweedfs/weed/filer/leveldb/leveldb_store.go", "Go", 208, 0, 0, 0, 0, 0, 0, 2, 50, 260
"/Users/jianglind/Desktop/code/seaweedfs/weed/filer/leveldb/leveldb_store_kv.go", "Go", 31, 0, 0, 0, 0, 0, 0, 0, 15, 46
"/Users/jianglind/Desktop/code/seaweedfs/weed/filer/leveldb/leveldb_store_test.go", "Go", 90, 0, 0, 0, 0, 0, 0, 3, 22, 115
"/Users/jianglind/Desktop/code/seaweedfs/weed/filer/leveldb2/leveldb2_store.go", "Go", 206, 0, 0, 0, 0, 0, 0, 4, 53, 263
"/Users/jianglind/Desktop/code/seaweedfs/weed/filer/leveldb2/leveldb2_store_kv.go", "Go", 37, 0, 0, 0, 0, 0, 0, 0, 20, 57
"/Users/jianglind/Desktop/code/seaweedfs/weed/filer/leveldb2/leveldb2_store_test.go", "Go", 67, 0, 0, 0, 0, 0, 0, 3, 18, 88
"/Users/jianglind/Desktop/code/seaweedfs/weed/filer/leveldb3/leveldb3_store.go", "Go", 296, 0, 0, 0, 0, 0, 0, 8, 75, 379
"/Users/jianglind/Desktop/code/seaweedfs/weed/filer/leveldb3/leveldb3_store_kv.go", "Go", 31, 0, 0, 0, 0, 0, 0, 0, 16, 47
"/Users/jianglind/Desktop/code/seaweedfs/weed/filer/leveldb3/leveldb3_store_test.go", "Go", 67, 0, 0, 0, 0, 0, 0, 3, 18, 88
"/Users/jianglind/Desktop/code/seaweedfs/weed/filer/meta_aggregator.go", "Go", 214, 0, 0, 0, 0, 0, 0, 15, 38, 267
"/Users/jianglind/Desktop/code/seaweedfs/weed/filer/meta_replay.go", "Go", 32, 0, 0, 0, 0, 0, 0, 0, 6, 38
"/Users/jianglind/Desktop/code/seaweedfs/weed/filer/mongodb/mongodb_store.go", "Go", 180, 0, 0, 0, 0, 0, 0, 0, 54, 234
"/Users/jianglind/Desktop/code/seaweedfs/weed/filer/mongodb/mongodb_store_kv.go", "Go", 53, 0, 0, 0, 0, 0, 0, 0, 21, 74
"/Users/jianglind/Desktop/code/seaweedfs/weed/filer/mysql/mysql_sql_gen.go", "Go", 45, 0, 0, 0, 0, 0, 0, 0, 14, 59
"/Users/jianglind/Desktop/code/seaweedfs/weed/filer/mysql/mysql_store.go", "Go", 69, 0, 0, 0, 0, 0, 0, 0, 16, 85
"/Users/jianglind/Desktop/code/seaweedfs/weed/filer/mysql2/mysql2_store.go", "Go", 75, 0, 0, 0, 0, 0, 0, 0, 16, 91
"/Users/jianglind/Desktop/code/seaweedfs/weed/filer/postgres/postgres_sql_gen.go", "Go", 45, 0, 0, 0, 0, 0, 0, 0, 14, 59
"/Users/jianglind/Desktop/code/seaweedfs/weed/filer/postgres/postgres_store.go", "Go", 80, 0, 0, 0, 0, 0, 0, 0, 14, 94
"/Users/jianglind/Desktop/code/seaweedfs/weed/filer/postgres2/postgres2_store.go", "Go", 86, 0, 0, 0, 0, 0, 0, 0, 15, 101
"/Users/jianglind/Desktop/code/seaweedfs/weed/filer/read_remote.go", "Go", 31, 0, 0, 0, 0, 0, 0, 0, 6, 37
"/Users/jianglind/Desktop/code/seaweedfs/weed/filer/read_write.go", "Go", 69, 0, 0, 0, 0, 0, 0, 0, 11, 80
"/Users/jianglind/Desktop/code/seaweedfs/weed/filer/reader_at.go", "Go", 214, 0, 0, 0, 0, 0, 0, 6, 57, 277
"/Users/jianglind/Desktop/code/seaweedfs/weed/filer/reader_at_test.go", "Go", 139, 0, 0, 0, 0, 0, 0, 0, 26, 165
"/Users/jianglind/Desktop/code/seaweedfs/weed/filer/reader_pattern.go", "Go", 28, 0, 0, 0, 0, 0, 0, 2, 7, 37
"/Users/jianglind/Desktop/code/seaweedfs/weed/filer/redis/redis_cluster_store.go", "Go", 34, 0, 0, 0, 0, 0, 0, 0, 9, 43
"/Users/jianglind/Desktop/code/seaweedfs/weed/filer/redis/redis_store.go", "Go", 30, 0, 0, 0, 0, 0, 0, 0, 7, 37
"/Users/jianglind/Desktop/code/seaweedfs/weed/filer/redis/universal_redis_store.go", "Go", 158, 0, 0, 0, 0, 0, 0, 5, 40, 203
"/Users/jianglind/Desktop/code/seaweedfs/weed/filer/redis/universal_redis_store_kv.go", "Go", 28, 0, 0, 0, 0, 0, 0, 0, 15, 43
"/Users/jianglind/Desktop/code/seaweedfs/weed/filer/redis2/redis_cluster_store.go", "Go", 36, 0, 0, 0, 0, 0, 0, 0, 9, 45
"/Users/jianglind/Desktop/code/seaweedfs/weed/filer/redis2/redis_sentinel_store.go", "Go", 39, 0, 0, 0, 0, 0, 0, 0, 7, 46
"/Users/jianglind/Desktop/code/seaweedfs/weed/filer/redis2/redis_store.go", "Go", 32, 0, 0, 0, 0, 0, 0, 0, 7, 39
"/Users/jianglind/Desktop/code/seaweedfs/weed/filer/redis2/universal_redis_store.go", "Go", 173, 0, 0, 0, 0, 0, 0, 3, 42, 218
"/Users/jianglind/Desktop/code/seaweedfs/weed/filer/redis2/universal_redis_store_kv.go", "Go", 28, 0, 0, 0, 0, 0, 0, 0, 15, 43
"/Users/jianglind/Desktop/code/seaweedfs/weed/filer/redis3/ItemList.go", "Go", 368, 0, 0, 0, 0, 0, 0, 98, 42, 508
"/Users/jianglind/Desktop/code/seaweedfs/weed/filer/redis3/item_list_serde.go", "Go", 68, 0, 0, 0, 0, 0, 0, 0, 8, 76
"/Users/jianglind/Desktop/code/seaweedfs/weed/filer/redis3/kv_directory_children.go", "Go", 109, 0, 0, 0, 0, 0, 0, 3, 27, 139
"/Users/jianglind/Desktop/code/seaweedfs/weed/filer/redis3/kv_directory_children_test.go", "Go", 160, 0, 0, 0, 0, 0, 0, 12, 39, 211
"/Users/jianglind/Desktop/code/seaweedfs/weed/filer/redis3/redis_cluster_store.go", "Go", 37, 0, 0, 0, 0, 0, 0, 0, 9, 46
"/Users/jianglind/Desktop/code/seaweedfs/weed/filer/redis3/redis_sentinel_store.go", "Go", 42, 0, 0, 0, 0, 0, 0, 0, 8, 50
"/Users/jianglind/Desktop/code/seaweedfs/weed/filer/redis3/redis_store.go", "Go", 33, 0, 0, 0, 0, 0, 0, 0, 7, 40
"/Users/jianglind/Desktop/code/seaweedfs/weed/filer/redis3/skiplist_element_store.go", "Go", 55, 0, 0, 0, 0, 0, 0, 0, 8, 63
"/Users/jianglind/Desktop/code/seaweedfs/weed/filer/redis3/universal_redis_store.go", "Go", 141, 0, 0, 0, 0, 0, 0, 1, 38, 180
"/Users/jianglind/Desktop/code/seaweedfs/weed/filer/redis3/universal_redis_store_kv.go", "Go", 28, 0, 0, 0, 0, 0, 0, 0, 15, 43
"/Users/jianglind/Desktop/code/seaweedfs/weed/filer/remote_mapping.go", "Go", 90, 0, 0, 0, 0, 0, 0, 9, 23, 122
"/Users/jianglind/Desktop/code/seaweedfs/weed/filer/remote_storage.go", "Go", 152, 0, 0, 0, 0, 0, 0, 3, 27, 182
"/Users/jianglind/Desktop/code/seaweedfs/weed/filer/remote_storage_test.go", "Go", 27, 0, 0, 0, 0, 0, 0, 0, 8, 35
"/Users/jianglind/Desktop/code/seaweedfs/weed/filer/rocksdb/README.md", "Markdown", 0, 0, 0, 0, 33, 0, 0, 0, 9, 42
"/Users/jianglind/Desktop/code/seaweedfs/weed/filer/rocksdb/rocksdb_store.go", "Go", 236, 0, 0, 0, 0, 0, 0, 10, 67, 313
"/Users/jianglind/Desktop/code/seaweedfs/weed/filer/rocksdb/rocksdb_store_kv.go", "Go", 30, 0, 0, 0, 0, 0, 0, 1, 17, 48
"/Users/jianglind/Desktop/code/seaweedfs/weed/filer/rocksdb/rocksdb_store_test.go", "Go", 90, 0, 0, 0, 0, 0, 0, 5, 23, 118
"/Users/jianglind/Desktop/code/seaweedfs/weed/filer/rocksdb/rocksdb_ttl.go", "Go", 33, 0, 0, 0, 0, 0, 0, 3, 10, 46
"/Users/jianglind/Desktop/code/seaweedfs/weed/filer/s3iam_conf.go", "Go", 21, 0, 0, 0, 0, 0, 0, 0, 6, 27
"/Users/jianglind/Desktop/code/seaweedfs/weed/filer/s3iam_conf_test.go", "Go", 52, 0, 0, 0, 0, 0, 0, 0, 6, 58
"/Users/jianglind/Desktop/code/seaweedfs/weed/filer/sqlite/sqlite_store.go", "Go", 62, 0, 0, 0, 0, 0, 0, 3, 15, 80
"/Users/jianglind/Desktop/code/seaweedfs/weed/filer/sqlite/sqlite_store_unsupported.go", "Go", 3, 0, 0, 0, 0, 0, 0, 4, 4, 11
"/Users/jianglind/Desktop/code/seaweedfs/weed/filer/stream.go", "Go", 295, 0, 0, 0, 0, 0, 0, 18, 57, 370
"/Users/jianglind/Desktop/code/seaweedfs/weed/filer/topics.go", "Go", 5, 0, 0, 0, 0, 0, 0, 0, 2, 7
"/Users/jianglind/Desktop/code/seaweedfs/weed/filesys/dir.go", "Go", 509, 0, 0, 0, 0, 0, 0, 11, 136, 656
"/Users/jianglind/Desktop/code/seaweedfs/weed/filesys/dir_link.go", "Go", 126, 0, 0, 0, 0, 0, 0, 4, 40, 170
"/Users/jianglind/Desktop/code/seaweedfs/weed/filesys/dir_rename.go", "Go", 120, 0, 0, 0, 0, 0, 0, 5, 25, 150
"/Users/jianglind/Desktop/code/seaweedfs/weed/filesys/dirty_pages_chunked.go", "Go", 81, 0, 0, 0, 0, 0, 0, 0, 20, 101
"/Users/jianglind/Desktop/code/seaweedfs/weed/filesys/file.go", "Go", 298, 0, 0, 0, 0, 0, 0, 13, 96, 407
"/Users/jianglind/Desktop/code/seaweedfs/weed/filesys/filehandle.go", "Go", 261, 0, 0, 0, 0, 0, 0, 12, 75, 348
"/Users/jianglind/Desktop/code/seaweedfs/weed/filesys/fscache.go", "Go", 175, 0, 0, 0, 0, 0, 0, 3, 36, 214
"/Users/jianglind/Desktop/code/seaweedfs/weed/filesys/fscache_test.go", "Go", 86, 0, 0, 0, 0, 0, 0, 0, 30, 116
"/Users/jianglind/Desktop/code/seaweedfs/weed/filesys/meta_cache/cache_config.go", "Go", 23, 0, 0, 0, 0, 0, 0, 1, 9, 33
"/Users/jianglind/Desktop/code/seaweedfs/weed/filesys/meta_cache/id_mapper.go", "Go", 82, 0, 0, 0, 0, 0, 0, 4, 16, 102
"/Users/jianglind/Desktop/code/seaweedfs/weed/filesys/meta_cache/meta_cache.go", "Go", 109, 0, 0, 0, 0, 0, 0, 21, 25, 155
"/Users/jianglind/Desktop/code/seaweedfs/weed/filesys/meta_cache/meta_cache_init.go", "Go", 38, 0, 0, 0, 0, 0, 0, 0, 10, 48
"/Users/jianglind/Desktop/code/seaweedfs/weed/filesys/meta_cache/meta_cache_subscribe.go", "Go", 57, 0, 0, 0, 0, 0, 0, 1, 11, 69
"/Users/jianglind/Desktop/code/seaweedfs/weed/filesys/page_writer.go", "Go", 77, 0, 0, 0, 0, 0, 0, 1, 21, 99
"/Users/jianglind/Desktop/code/seaweedfs/weed/filesys/page_writer/chunk_interval_list.go", "Go", 93, 0, 0, 0, 0, 0, 0, 7, 16, 116
"/Users/jianglind/Desktop/code/seaweedfs/weed/filesys/page_writer/chunk_interval_list_test.go", "Go", 33, 0, 0, 0, 0, 0, 0, 0, 17, 50
"/Users/jianglind/Desktop/code/seaweedfs/weed/filesys/page_writer/dirty_pages.go", "Go", 28, 0, 0, 0, 0, 0, 0, 0, 3, 31
"/Users/jianglind/Desktop/code/seaweedfs/weed/filesys/page_writer/page_chunk.go", "Go", 13, 0, 0, 0, 0, 0, 0, 0, 4, 17
"/Users/jianglind/Desktop/code/seaweedfs/weed/filesys/page_writer/page_chunk_mem.go", "Go", 59, 0, 0, 0, 0, 0, 0, 0, 11, 70
"/Users/jianglind/Desktop/code/seaweedfs/weed/filesys/page_writer/page_chunk_swapfile.go", "Go", 107, 0, 0, 0, 0, 0, 0, 0, 15, 122
"/Users/jianglind/Desktop/code/seaweedfs/weed/filesys/page_writer/upload_pipeline.go", "Go", 145, 0, 0, 0, 0, 0, 0, 9, 29, 183
"/Users/jianglind/Desktop/code/seaweedfs/weed/filesys/page_writer/upload_pipeline_lock.go", "Go", 58, 0, 0, 0, 0, 0, 0, 0, 6, 64
"/Users/jianglind/Desktop/code/seaweedfs/weed/filesys/page_writer/upload_pipeline_test.go", "Go", 34, 0, 0, 0, 0, 0, 0, 1, 13, 48
"/Users/jianglind/Desktop/code/seaweedfs/weed/filesys/page_writer_pattern.go", "Go", 34, 0, 0, 0, 0, 0, 0, 3, 8, 45
"/Users/jianglind/Desktop/code/seaweedfs/weed/filesys/permission.go", "Go", 60, 0, 0, 0, 0, 0, 0, 0, 4, 64
"/Users/jianglind/Desktop/code/seaweedfs/weed/filesys/unimplemented.go", "Go", 14, 0, 0, 0, 0, 0, 0, 1, 8, 23
"/Users/jianglind/Desktop/code/seaweedfs/weed/filesys/wfs.go", "Go", 249, 0, 0, 0, 0, 0, 0, 8, 68, 325
"/Users/jianglind/Desktop/code/seaweedfs/weed/filesys/wfs_filer_client.go", "Go", 39, 0, 0, 0, 0, 0, 0, 0, 13, 52
"/Users/jianglind/Desktop/code/seaweedfs/weed/filesys/wfs_write.go", "Go", 73, 0, 0, 0, 0, 0, 0, 0, 12, 85
"/Users/jianglind/Desktop/code/seaweedfs/weed/filesys/xattr.go", "Go", 113, 0, 0, 0, 0, 0, 0, 3, 38, 154
"/Users/jianglind/Desktop/code/seaweedfs/weed/ftpd/ftp_server.go", "Go", 62, 0, 0, 0, 0, 0, 0, 7, 13, 82
"/Users/jianglind/Desktop/code/seaweedfs/weed/glog/convenient_api.go", "Go", 1, 0, 0, 0, 0, 0, 0, 4, 2, 7
"/Users/jianglind/Desktop/code/seaweedfs/weed/glog/glog.go", "Go", 730, 0, 0, 0, 0, 0, 0, 331, 121, 1182
"/Users/jianglind/Desktop/code/seaweedfs/weed/glog/glog_file.go", "Go", 80, 0, 0, 0, 0, 0, 0, 29, 16, 125
"/Users/jianglind/Desktop/code/seaweedfs/weed/glog/glog_test.go", "Go", 318, 0, 0, 0, 0, 0, 0, 61, 37, 416
"/Users/jianglind/Desktop/code/seaweedfs/weed/iamapi/iamapi_handlers.go", "Go", 29, 0, 0, 0, 0, 0, 0, 0, 3, 32
"/Users/jianglind/Desktop/code/seaweedfs/weed/iamapi/iamapi_management_handlers.go", "Go", 208, 0, 0, 0, 0, 0, 0, 222, 24, 454
"/Users/jianglind/Desktop/code/seaweedfs/weed/iamapi/iamapi_response.go", "Go", 88, 0, 0, 0, 0, 0, 0, 0, 16, 104
"/Users/jianglind/Desktop/code/seaweedfs/weed/iamapi/iamapi_server.go", "Go", 122, 0, 0, 0, 0, 0, 0, 6, 17, 145
"/Users/jianglind/Desktop/code/seaweedfs/weed/iamapi/iamapi_test.go", "Go", 93, 0, 0, 0, 0, 0, 0, 76, 13, 182
"/Users/jianglind/Desktop/code/seaweedfs/weed/images/orientation.go", "Go", 148, 0, 0, 0, 0, 0, 0, 22, 13, 183
"/Users/jianglind/Desktop/code/seaweedfs/weed/images/orientation_test.go", "Go", 12, 0, 0, 0, 0, 0, 0, 0, 8, 20
"/Users/jianglind/Desktop/code/seaweedfs/weed/images/preprocess.go", "Go", 19, 0, 0, 0, 0, 0, 0, 8, 3, 30
"/Users/jianglind/Desktop/code/seaweedfs/weed/images/resizing.go", "Go", 55, 0, 0, 0, 0, 0, 0, 1, 6, 62
"/Users/jianglind/Desktop/code/seaweedfs/weed/images/resizing_test.go", "Go", 15, 0, 0, 0, 0, 0, 0, 0, 8, 23
"/Users/jianglind/Desktop/code/seaweedfs/weed/messaging/broker/broker_append.go", "Go", 101, 0, 0, 0, 0, 0, 0, 4, 26, 131
"/Users/jianglind/Desktop/code/seaweedfs/weed/messaging/broker/broker_grpc_server.go", "Go", 30, 0, 0, 0, 0, 0, 0, 0, 8, 38
"/Users/jianglind/Desktop/code/seaweedfs/weed/messaging/broker/broker_grpc_server_discovery.go", "Go", 91, 0, 0, 0, 0, 0, 0, 14, 18, 123
"/Users/jianglind/Desktop/code/seaweedfs/weed/messaging/broker/broker_grpc_server_publish.go", "Go", 75, 0, 0, 0, 0, 0, 0, 14, 24, 113
"/Users/jianglind/Desktop/code/seaweedfs/weed/messaging/broker/broker_grpc_server_subscribe.go", "Go", 142, 0, 0, 0, 0, 0, 0, 12, 26, 180
"/Users/jianglind/Desktop/code/seaweedfs/weed/messaging/broker/broker_server.go", "Go", 89, 0, 0, 0, 0, 0, 0, 4, 24, 117
"/Users/jianglind/Desktop/code/seaweedfs/weed/messaging/broker/consistent_distribution.go", "Go", 28, 0, 0, 0, 0, 0, 0, 0, 11, 39
"/Users/jianglind/Desktop/code/seaweedfs/weed/messaging/broker/consistent_distribution_test.go", "Go", 24, 0, 0, 0, 0, 0, 0, 1, 8, 33
"/Users/jianglind/Desktop/code/seaweedfs/weed/messaging/broker/topic_manager.go", "Go", 101, 0, 0, 0, 0, 0, 0, 2, 22, 125
"/Users/jianglind/Desktop/code/seaweedfs/weed/messaging/msgclient/chan_config.go", "Go", 4, 0, 0, 0, 0, 0, 0, 0, 2, 6
"/Users/jianglind/Desktop/code/seaweedfs/weed/messaging/msgclient/chan_pub.go", "Go", 65, 0, 0, 0, 0, 0, 0, 3, 9, 77
"/Users/jianglind/Desktop/code/seaweedfs/weed/messaging/msgclient/chan_sub.go", "Go", 74, 0, 0, 0, 0, 0, 0, 1, 11, 86
"/Users/jianglind/Desktop/code/seaweedfs/weed/messaging/msgclient/client.go", "Go", 46, 0, 0, 0, 0, 0, 0, 0, 10, 56
"/Users/jianglind/Desktop/code/seaweedfs/weed/messaging/msgclient/config.go", "Go", 52, 0, 0, 0, 0, 0, 0, 0, 12, 64
"/Users/jianglind/Desktop/code/seaweedfs/weed/messaging/msgclient/publisher.go", "Go", 98, 0, 0, 0, 0, 0, 0, 6, 15, 119
"/Users/jianglind/Desktop/code/seaweedfs/weed/messaging/msgclient/subscriber.go", "Go", 104, 0, 0, 0, 0, 0, 0, 4, 13, 121
"/Users/jianglind/Desktop/code/seaweedfs/weed/notification/aws_sqs/aws_sqs_pub.go", "Go", 75, 0, 0, 0, 0, 0, 0, 0, 18, 93
"/Users/jianglind/Desktop/code/seaweedfs/weed/notification/configuration.go", "Go", 44, 0, 0, 0, 0, 0, 0, 2, 11, 57
"/Users/jianglind/Desktop/code/seaweedfs/weed/notification/gocdk_pub_sub/gocdk_pub_sub.go", "Go", 80, 0, 0, 0, 0, 0, 0, 15, 10, 105
"/Users/jianglind/Desktop/code/seaweedfs/weed/notification/google_pub_sub/google_pub_sub.go", "Go", 72, 0, 0, 0, 0, 0, 0, 1, 17, 90
"/Users/jianglind/Desktop/code/seaweedfs/weed/notification/kafka/kafka_queue.go", "Go", 70, 0, 0, 0, 0, 0, 0, 0, 13, 83
"/Users/jianglind/Desktop/code/seaweedfs/weed/notification/log/log_queue.go", "Go", 22, 0, 0, 0, 0, 0, 0, 0, 8, 30
"/Users/jianglind/Desktop/code/seaweedfs/weed/operation/assign_file_id.go", "Go", 143, 0, 0, 0, 0, 0, 0, 0, 30, 173
"/Users/jianglind/Desktop/code/seaweedfs/weed/operation/buffer_pool.go", "Go", 18, 0, 0, 0, 0, 0, 0, 2, 5, 25
"/Users/jianglind/Desktop/code/seaweedfs/weed/operation/chunked_file.go", "Go", 211, 0, 0, 0, 0, 0, 0, 4, 27, 242
"/Users/jianglind/Desktop/code/seaweedfs/weed/operation/data_struts.go", "Go", 5, 0, 0, 0, 0, 0, 0, 0, 2, 7
"/Users/jianglind/Desktop/code/seaweedfs/weed/operation/delete_content.go", "Go", 125, 0, 0, 0, 0, 0, 0, 3, 31, 159
"/Users/jianglind/Desktop/code/seaweedfs/weed/operation/grpc_client.go", "Go", 19, 0, 0, 0, 0, 0, 0, 0, 9, 28
"/Users/jianglind/Desktop/code/seaweedfs/weed/operation/lookup.go", "Go", 98, 0, 0, 0, 0, 0, 0, 5, 19, 122
"/Users/jianglind/Desktop/code/seaweedfs/weed/operation/lookup_vid_cache.go", "Go", 54, 0, 0, 0, 0, 0, 0, 0, 6, 60
"/Users/jianglind/Desktop/code/seaweedfs/weed/operation/lookup_vid_cache_test.go", "Go", 24, 0, 0, 0, 0, 0, 0, 0, 3, 27
"/Users/jianglind/Desktop/code/seaweedfs/weed/operation/needle_parse_test.go", "Go", 101, 0, 0, 0, 0, 0, 0, 34, 15, 150
"/Users/jianglind/Desktop/code/seaweedfs/weed/operation/submit.go", "Go", 252, 0, 0, 0, 0, 0, 0, 3, 15, 270
"/Users/jianglind/Desktop/code/seaweedfs/weed/operation/sync_volume.go", "Go", 16, 0, 0, 0, 0, 0, 0, 0, 6, 22
"/Users/jianglind/Desktop/code/seaweedfs/weed/operation/tail_volume.go", "Go", 72, 0, 0, 0, 0, 0, 0, 1, 17, 90
"/Users/jianglind/Desktop/code/seaweedfs/weed/operation/upload_content.go", "Go", 264, 0, 0, 0, 0, 0, 0, 14, 27, 305
"/Users/jianglind/Desktop/code/seaweedfs/weed/pb/Makefile", "Makefile", 0, 0, 0, 0, 0, 10, 0, 1, 3, 14
"/Users/jianglind/Desktop/code/seaweedfs/weed/pb/filer_pb/filer.pb.go", "Go", 4418, 0, 0, 0, 0, 0, 0, 74, 572, 5064
"/Users/jianglind/Desktop/code/seaweedfs/weed/pb/filer_pb/filer_client.go", "Go", 251, 0, 0, 0, 0, 0, 0, 3, 56, 310
"/Users/jianglind/Desktop/code/seaweedfs/weed/pb/filer_pb/filer_client_bfs.go", "Go", 52, 0, 0, 0, 0, 0, 0, 0, 12, 64
"/Users/jianglind/Desktop/code/seaweedfs/weed/pb/filer_pb/filer_grpc.pb.go", "Go", 859, 0, 0, 0, 0, 0, 0, 17, 87, 963
"/Users/jianglind/Desktop/code/seaweedfs/weed/pb/filer_pb/filer_pb_helper.go", "Go", 135, 0, 0, 0, 0, 0, 0, 0, 27, 162
"/Users/jianglind/Desktop/code/seaweedfs/weed/pb/filer_pb/filer_pb_helper_test.go", "Go", 12, 0, 0, 0, 0, 0, 0, 0, 6, 18
"/Users/jianglind/Desktop/code/seaweedfs/weed/pb/filer_pb/signature.go", "Go", 12, 0, 0, 0, 0, 0, 0, 0, 2, 14
"/Users/jianglind/Desktop/code/seaweedfs/weed/pb/filer_pb_tail.go", "Go", 84, 0, 0, 0, 0, 0, 0, 0, 13, 97
"/Users/jianglind/Desktop/code/seaweedfs/weed/pb/grpc_client_server.go", "Go", 208, 0, 0, 0, 0, 0, 0, 5, 49, 262
"/Users/jianglind/Desktop/code/seaweedfs/weed/pb/iam_pb/iam.pb.go", "Go", 261, 0, 0, 0, 0, 0, 0, 10, 37, 308
"/Users/jianglind/Desktop/code/seaweedfs/weed/pb/iam_pb/iam_grpc.pb.go", "Go", 33, 0, 0, 0, 0, 0, 0, 17, 13, 63
"/Users/jianglind/Desktop/code/seaweedfs/weed/pb/master_pb/master.pb.go", "Go", 3868, 0, 0, 0, 0, 0, 0, 63, 491, 4422
"/Users/jianglind/Desktop/code/seaweedfs/weed/pb/master_pb/master_grpc.pb.go", "Go", 561, 0, 0, 0, 0, 0, 0, 17, 57, 635
"/Users/jianglind/Desktop/code/seaweedfs/weed/pb/messaging_pb/messaging.pb.go", "Go", 1488, 0, 0, 0, 0, 0, 0, 30, 202, 1720
"/Users/jianglind/Desktop/code/seaweedfs/weed/pb/messaging_pb/messaging_grpc.pb.go", "Go", 289, 0, 0, 0, 0, 0, 0, 17, 41, 347
"/Users/jianglind/Desktop/code/seaweedfs/weed/pb/proto_read_write_test.go", "Go", 33, 0, 0, 0, 0, 0, 0, 0, 11, 44
"/Users/jianglind/Desktop/code/seaweedfs/weed/pb/remote_pb/remote.pb.go", "Go", 657, 0, 0, 0, 0, 0, 0, 13, 77, 747
"/Users/jianglind/Desktop/code/seaweedfs/weed/pb/remote_pb/remote_pb_helper.go", "Go", 6, 0, 0, 0, 0, 0, 0, 0, 3, 9
"/Users/jianglind/Desktop/code/seaweedfs/weed/pb/server_address.go", "Go", 117, 0, 0, 0, 0, 0, 0, 1, 15, 133
"/Users/jianglind/Desktop/code/seaweedfs/weed/pb/shared_values.go", "Go", 4, 0, 0, 0, 0, 0, 0, 0, 2, 6
"/Users/jianglind/Desktop/code/seaweedfs/weed/pb/volume_server_pb/volume_server.pb.go", "Go", 6760, 0, 0, 0, 0, 0, 0, 109, 867, 7736
"/Users/jianglind/Desktop/code/seaweedfs/weed/pb/volume_server_pb/volume_server_grpc.pb.go", "Go", 1607, 0, 0, 0, 0, 0, 0, 29, 153, 1789
"/Users/jianglind/Desktop/code/seaweedfs/weed/pb/volume_server_pb/volume_server_helper.go", "Go", 4, 0, 0, 0, 0, 0, 0, 0, 2, 6
"/Users/jianglind/Desktop/code/seaweedfs/weed/query/json/query_json.go", "Go", 93, 0, 0, 0, 0, 0, 0, 5, 10, 108
"/Users/jianglind/Desktop/code/seaweedfs/weed/query/json/query_json_test.go", "Go", 109, 0, 0, 0, 0, 0, 0, 0, 25, 134
"/Users/jianglind/Desktop/code/seaweedfs/weed/query/json/seralize.go", "Go", 15, 0, 0, 0, 0, 0, 0, 0, 3, 18
"/Users/jianglind/Desktop/code/seaweedfs/weed/query/sqltypes/const.go", "Go", 62, 0, 0, 0, 0, 0, 0, 55, 8, 125
"/Users/jianglind/Desktop/code/seaweedfs/weed/query/sqltypes/type.go", "Go", 67, 0, 0, 0, 0, 0, 0, 23, 12, 102
"/Users/jianglind/Desktop/code/seaweedfs/weed/query/sqltypes/unsafe.go", "Go", 21, 0, 0, 0, 0, 0, 0, 2, 8, 31
"/Users/jianglind/Desktop/code/seaweedfs/weed/query/sqltypes/value.go", "Go", 249, 0, 0, 0, 0, 0, 0, 66, 41, 356
"/Users/jianglind/Desktop/code/seaweedfs/weed/remote_storage/azure/azure_highlevel.go", "Go", 89, 0, 0, 0, 0, 0, 0, 17, 15, 121
"/Users/jianglind/Desktop/code/seaweedfs/weed/remote_storage/azure/azure_storage_client.go", "Go", 194, 0, 0, 0, 0, 0, 0, 10, 49, 253
"/Users/jianglind/Desktop/code/seaweedfs/weed/remote_storage/gcs/gcs_storage_client.go", "Go", 195, 0, 0, 0, 0, 0, 0, 2, 42, 239
"/Users/jianglind/Desktop/code/seaweedfs/weed/remote_storage/hdfs/hdfs_kerberos.go", "Go", 43, 0, 0, 0, 0, 0, 0, 3, 10, 56
"/Users/jianglind/Desktop/code/seaweedfs/weed/remote_storage/hdfs/hdfs_storage_client.go", "Go", 152, 0, 0, 0, 0, 0, 0, 3, 37, 192
"/Users/jianglind/Desktop/code/seaweedfs/weed/remote_storage/remote_storage.go", "Go", 143, 0, 0, 0, 0, 0, 0, 0, 22, 165
"/Users/jianglind/Desktop/code/seaweedfs/weed/remote_storage/s3/aliyun.go", "Go", 42, 0, 0, 0, 0, 0, 0, 0, 8, 50
"/Users/jianglind/Desktop/code/seaweedfs/weed/remote_storage/s3/backblaze.go", "Go", 38, 0, 0, 0, 0, 0, 0, 0, 7, 45
"/Users/jianglind/Desktop/code/seaweedfs/weed/remote_storage/s3/baidu.go", "Go", 42, 0, 0, 0, 0, 0, 0, 0, 8, 50
"/Users/jianglind/Desktop/code/seaweedfs/weed/remote_storage/s3/filebase.go", "Go", 44, 0, 0, 0, 0, 0, 0, 0, 8, 52
"/Users/jianglind/Desktop/code/seaweedfs/weed/remote_storage/s3/s3_storage_client.go", "Go", 245, 0, 0, 0, 0, 0, 0, 5, 34, 284
"/Users/jianglind/Desktop/code/seaweedfs/weed/remote_storage/s3/storj.go", "Go", 42, 0, 0, 0, 0, 0, 0, 0, 8, 50
"/Users/jianglind/Desktop/code/seaweedfs/weed/remote_storage/s3/tencent.go", "Go", 42, 0, 0, 0, 0, 0, 0, 0, 8, 50
"/Users/jianglind/Desktop/code/seaweedfs/weed/remote_storage/s3/wasabi.go", "Go", 52, 0, 0, 0, 0, 0, 0, 1, 9, 62
"/Users/jianglind/Desktop/code/seaweedfs/weed/remote_storage/track_sync_offset.go", "Go", 52, 0, 0, 0, 0, 0, 0, 0, 22, 74
"/Users/jianglind/Desktop/code/seaweedfs/weed/remote_storage/traverse_bfs.go", "Go", 52, 0, 0, 0, 0, 0, 0, 0, 11, 63
"/Users/jianglind/Desktop/code/seaweedfs/weed/replication/repl_util/replication_util.go", "Go", 36, 0, 0, 0, 0, 0, 0, 0, 7, 43
"/Users/jianglind/Desktop/code/seaweedfs/weed/replication/replicator.go", "Go", 85, 0, 0, 0, 0, 0, 0, 0, 13, 98
"/Users/jianglind/Desktop/code/seaweedfs/weed/replication/sink/azuresink/azure_sink.go", "Go", 102, 0, 0, 0, 0, 0, 0, 5, 34, 141
"/Users/jianglind/Desktop/code/seaweedfs/weed/replication/sink/b2sink/b2_sink.go", "Go", 98, 0, 0, 0, 0, 0, 0, 0, 33, 131
"/Users/jianglind/Desktop/code/seaweedfs/weed/replication/sink/filersink/fetch_write.go", "Go", 118, 0, 0, 0, 0, 0, 0, 1, 26, 145
"/Users/jianglind/Desktop/code/seaweedfs/weed/replication/sink/filersink/filer_sink.go", "Go", 191, 0, 0, 0, 0, 0, 0, 12, 46, 249
"/Users/jianglind/Desktop/code/seaweedfs/weed/replication/sink/gcssink/gcs_sink.go", "Go", 91, 0, 0, 0, 0, 0, 0, 1, 29, 121
"/Users/jianglind/Desktop/code/seaweedfs/weed/replication/sink/localsink/local_incremental_sink.go", "Go", 13, 0, 0, 0, 0, 0, 0, 0, 5, 18
"/Users/jianglind/Desktop/code/seaweedfs/weed/replication/sink/localsink/local_sink.go", "Go", 97, 0, 0, 0, 0, 0, 0, 1, 22, 120
"/Users/jianglind/Desktop/code/seaweedfs/weed/replication/sink/replication_sink.go", "Go", 19, 0, 0, 0, 0, 0, 0, 0, 4, 23
"/Users/jianglind/Desktop/code/seaweedfs/weed/replication/sink/s3sink/s3_sink.go", "Go", 129, 0, 0, 0, 0, 0, 0, 0, 31, 160
"/Users/jianglind/Desktop/code/seaweedfs/weed/replication/sink/s3sink/s3_write.go", "Go", 142, 0, 0, 0, 0, 0, 0, 5, 29, 176
"/Users/jianglind/Desktop/code/seaweedfs/weed/replication/source/filer_source.go", "Go", 109, 0, 0, 0, 0, 0, 0, 0, 32, 141
"/Users/jianglind/Desktop/code/seaweedfs/weed/replication/sub/notification_aws_sqs.go", "Go", 92, 0, 0, 0, 0, 0, 0, 4, 19, 115
"/Users/jianglind/Desktop/code/seaweedfs/weed/replication/sub/notification_gocdk_pub_sub.go", "Go", 153, 0, 0, 0, 0, 0, 0, 2, 10, 165
"/Users/jianglind/Desktop/code/seaweedfs/weed/replication/sub/notification_google_pub_sub.go", "Go", 92, 0, 0, 0, 0, 0, 0, 2, 22, 116
"/Users/jianglind/Desktop/code/seaweedfs/weed/replication/sub/notification_kafka.go", "Go", 136, 0, 0, 0, 0, 0, 0, 0, 23, 159
"/Users/jianglind/Desktop/code/seaweedfs/weed/replication/sub/notifications.go", "Go", 13, 0, 0, 0, 0, 0, 0, 2, 4, 19
"/Users/jianglind/Desktop/code/seaweedfs/weed/s3api/AmazonS3.xsd", "XML", 0, 0, 0, 0, 0, 0, 619, 0, 73, 692
"/Users/jianglind/Desktop/code/seaweedfs/weed/s3api/auth_credentials.go", "Go", 315, 0, 0, 0, 0, 0, 0, 3, 37, 355
"/Users/jianglind/Desktop/code/seaweedfs/weed/s3api/auth_credentials_subscribe.go", "Go", 33, 0, 0, 0, 0, 0, 0, 0, 10, 43
"/Users/jianglind/Desktop/code/seaweedfs/weed/s3api/auth_credentials_test.go", "Go", 64, 0, 0, 0, 0, 0, 0, 53, 12, 129
"/Users/jianglind/Desktop/code/seaweedfs/weed/s3api/auth_signature_v2.go", "Go", 299, 0, 0, 0, 0, 0, 0, 82, 47, 428
"/Users/jianglind/Desktop/code/seaweedfs/weed/s3api/auth_signature_v4.go", "Go", 495, 0, 0, 0, 0, 0, 0, 178, 99, 772
"/Users/jianglind/Desktop/code/seaweedfs/weed/s3api/auto_signature_v4_test.go", "Go", 310, 0, 0, 0, 0, 0, 0, 62, 50, 422
"/Users/jianglind/Desktop/code/seaweedfs/weed/s3api/chunked_reader_v4.go", "Go", 278, 0, 0, 0, 0, 0, 0, 86, 50, 414
"/Users/jianglind/Desktop/code/seaweedfs/weed/s3api/custom_types.go", "Go", 2, 0, 0, 0, 0, 0, 0, 0, 2, 4
"/Users/jianglind/Desktop/code/seaweedfs/weed/s3api/filer_multipart.go", "Go", 246, 0, 0, 0, 0, 0, 0, 5, 47, 298
"/Users/jianglind/Desktop/code/seaweedfs/weed/s3api/filer_multipart_test.go", "Go", 41, 0, 0, 0, 0, 0, 0, 0, 10, 51
"/Users/jianglind/Desktop/code/seaweedfs/weed/s3api/filer_util.go", "Go", 72, 0, 0, 0, 0, 0, 0, 0, 28, 100
"/Users/jianglind/Desktop/code/seaweedfs/weed/s3api/filer_util_tags.go", "Go", 83, 0, 0, 0, 0, 0, 0, 0, 23, 106
"/Users/jianglind/Desktop/code/seaweedfs/weed/s3api/http/header.go", "Go", 34, 0, 0, 0, 0, 0, 0, 20, 10, 64
"/Users/jianglind/Desktop/code/seaweedfs/weed/s3api/policy/post-policy.go", "Go", 238, 0, 0, 0, 0, 0, 0, 59, 25, 322
"/Users/jianglind/Desktop/code/seaweedfs/weed/s3api/policy/post-policy_test.go", "Go", 241, 0, 0, 0, 0, 0, 0, 88, 50, 379
"/Users/jianglind/Desktop/code/seaweedfs/weed/s3api/policy/postpolicyform.go", "Go", 204, 0, 0, 0, 0, 0, 0, 50, 23, 277
"/Users/jianglind/Desktop/code/seaweedfs/weed/s3api/policy/postpolicyform_test.go", "Go", 70, 0, 0, 0, 0, 0, 0, 28, 9, 107
"/Users/jianglind/Desktop/code/seaweedfs/weed/s3api/s3_constants/s3_actions.go", "Go", 8, 0, 0, 0, 0, 0, 0, 0, 2, 10
"/Users/jianglind/Desktop/code/seaweedfs/weed/s3api/s3api_auth.go", "Go", 69, 0, 0, 0, 0, 0, 0, 11, 13, 93
"/Users/jianglind/Desktop/code/seaweedfs/weed/s3api/s3api_bucket_handlers.go", "Go", 248, 0, 0, 0, 0, 0, 0, 13, 51, 312
"/Users/jianglind/Desktop/code/seaweedfs/weed/s3api/s3api_bucket_handlers_test.go", "Go", 33, 0, 0, 0, 0, 0, 0, 0, 8, 41
"/Users/jianglind/Desktop/code/seaweedfs/weed/s3api/s3api_handlers.go", "Go", 37, 0, 0, 0, 0, 0, 0, 0, 11, 48
"/Users/jianglind/Desktop/code/seaweedfs/weed/s3api/s3api_object_copy_handlers.go", "Go", 141, 0, 0, 0, 0, 0, 0, 9, 38, 188
"/Users/jianglind/Desktop/code/seaweedfs/weed/s3api/s3api_object_handlers.go", "Go", 365, 0, 0, 0, 0, 0, 0, 16, 83, 464
"/Users/jianglind/Desktop/code/seaweedfs/weed/s3api/s3api_object_handlers_postpolicy.go", "Go", 182, 0, 0, 0, 0, 0, 0, 29, 35, 246
"/Users/jianglind/Desktop/code/seaweedfs/weed/s3api/s3api_object_multipart_handlers.go", "Go", 208, 0, 0, 0, 0, 0, 0, 12, 56, 276
"/Users/jianglind/Desktop/code/seaweedfs/weed/s3api/s3api_object_skip_handlers.go", "Go", 19, 0, 0, 0, 0, 0, 0, 10, 17, 46
"/Users/jianglind/Desktop/code/seaweedfs/weed/s3api/s3api_object_tagging_handlers.go", "Go", 97, 0, 0, 0, 0, 0, 0, 6, 20, 123
"/Users/jianglind/Desktop/code/seaweedfs/weed/s3api/s3api_objects_list_handlers.go", "Go", 322, 0, 0, 0, 0, 0, 0, 18, 46, 386
"/Users/jianglind/Desktop/code/seaweedfs/weed/s3api/s3api_objects_list_handlers_test.go", "Go", 32, 0, 0, 0, 0, 0, 0, 1, 7, 40
"/Users/jianglind/Desktop/code/seaweedfs/weed/s3api/s3api_policy.go", "Go", 104, 0, 0, 0, 0, 0, 0, 19, 25, 148
"/Users/jianglind/Desktop/code/seaweedfs/weed/s3api/s3api_server.go", "Go", 98, 0, 0, 0, 0, 0, 0, 49, 35, 182
"/Users/jianglind/Desktop/code/seaweedfs/weed/s3api/s3api_status_handlers.go", "Go", 8, 0, 0, 0, 0, 0, 0, 1, 3, 12
"/Users/jianglind/Desktop/code/seaweedfs/weed/s3api/s3api_test.go", "Go", 20, 0, 0, 0, 0, 0, 0, 2, 12, 34
"/Users/jianglind/Desktop/code/seaweedfs/weed/s3api/s3api_xsd_generated.go", "Go", 900, 0, 0, 0, 0, 0, 0, 6, 99, 1005
"/Users/jianglind/Desktop/code/seaweedfs/weed/s3api/s3err/audit_fluent.go", "Go", 169, 0, 0, 0, 0, 0, 0, 0, 15, 184
"/Users/jianglind/Desktop/code/seaweedfs/weed/s3api/s3err/error_handler.go", "Go", 84, 0, 0, 0, 0, 0, 0, 2, 13, 99
"/Users/jianglind/Desktop/code/seaweedfs/weed/s3api/s3err/s3-error.go", "Go", 40, 0, 0, 0, 0, 0, 0, 19, 3, 62
"/Users/jianglind/Desktop/code/seaweedfs/weed/s3api/s3err/s3api_errors.go", "Go", 353, 0, 0, 0, 0, 0, 0, 9, 18, 380
"/Users/jianglind/Desktop/code/seaweedfs/weed/s3api/stats.go", "Go", 31, 0, 0, 0, 0, 0, 0, 0, 7, 38
"/Users/jianglind/Desktop/code/seaweedfs/weed/s3api/tags.go", "Go", 33, 0, 0, 0, 0, 0, 0, 0, 7, 40
"/Users/jianglind/Desktop/code/seaweedfs/weed/s3api/tags_test.go", "Go", 41, 0, 0, 0, 0, 0, 0, 0, 12, 53
"/Users/jianglind/Desktop/code/seaweedfs/weed/security/guard.go", "Go", 81, 0, 0, 0, 0, 0, 0, 33, 14, 128
"/Users/jianglind/Desktop/code/seaweedfs/weed/security/jwt.go", "Go", 73, 0, 0, 0, 0, 0, 0, 10, 15, 98
"/Users/jianglind/Desktop/code/seaweedfs/weed/security/tls.go", "Go", 107, 0, 0, 0, 0, 0, 0, 2, 16, 125
"/Users/jianglind/Desktop/code/seaweedfs/weed/sequence/memory_sequencer.go", "Go", 29, 0, 0, 0, 0, 0, 0, 1, 7, 37
"/Users/jianglind/Desktop/code/seaweedfs/weed/sequence/sequence.go", "Go", 6, 0, 0, 0, 0, 0, 0, 0, 2, 8
"/Users/jianglind/Desktop/code/seaweedfs/weed/sequence/snowflake_sequencer.go", "Go", 37, 0, 0, 0, 0, 0, 0, 3, 10, 50
"/Users/jianglind/Desktop/code/seaweedfs/weed/server/common.go", "Go", 316, 0, 0, 0, 0, 0, 0, 20, 33, 369
"/Users/jianglind/Desktop/code/seaweedfs/weed/server/common_test.go", "Go", 29, 0, 0, 0, 0, 0, 0, 0, 3, 32
"/Users/jianglind/Desktop/code/seaweedfs/weed/server/filer_grpc_server.go", "Go", 383, 0, 0, 0, 0, 0, 0, 6, 96, 485
"/Users/jianglind/Desktop/code/seaweedfs/weed/server/filer_grpc_server_kv.go", "Go", 30, 0, 0, 0, 0, 0, 0, 1, 12, 43
"/Users/jianglind/Desktop/code/seaweedfs/weed/server/filer_grpc_server_remote.go", "Go", 156, 0, 0, 0, 0, 0, 0, 9, 29, 194
"/Users/jianglind/Desktop/code/seaweedfs/weed/server/filer_grpc_server_rename.go", "Go", 182, 0, 0, 0, 0, 0, 0, 5, 40, 227
"/Users/jianglind/Desktop/code/seaweedfs/weed/server/filer_grpc_server_sub_meta.go", "Go", 209, 0, 0, 0, 0, 0, 0, 6, 48, 263
"/Users/jianglind/Desktop/code/seaweedfs/weed/server/filer_server.go", "Go", 162, 0, 0, 0, 0, 0, 0, 7, 35, 204
"/Users/jianglind/Desktop/code/seaweedfs/weed/server/filer_server_handlers.go", "Go", 153, 0, 0, 0, 0, 0, 0, 4, 22, 179
"/Users/jianglind/Desktop/code/seaweedfs/weed/server/filer_server_handlers_proxy.go", "Go", 54, 0, 0, 0, 0, 0, 0, 0, 14, 68
"/Users/jianglind/Desktop/code/seaweedfs/weed/server/filer_server_handlers_read.go", "Go", 161, 0, 0, 0, 0, 0, 0, 7, 22, 190
"/Users/jianglind/Desktop/code/seaweedfs/weed/server/filer_server_handlers_read_dir.go", "Go", 69, 0, 0, 0, 0, 0, 0, 4, 15, 88
"/Users/jianglind/Desktop/code/seaweedfs/weed/server/filer_server_handlers_tagging.go", "Go", 92, 0, 0, 0, 0, 0, 0, 6, 21, 119
"/Users/jianglind/Desktop/code/seaweedfs/weed/server/filer_server_handlers_write.go", "Go", 135, 0, 0, 0, 0, 0, 0, 5, 30, 170
"/Users/jianglind/Desktop/code/seaweedfs/weed/server/filer_server_handlers_write_autochunk.go", "Go", 295, 0, 0, 0, 0, 0, 0, 11, 51, 357
"/Users/jianglind/Desktop/code/seaweedfs/weed/server/filer_server_handlers_write_cipher.go", "Go", 81, 0, 0, 0, 0, 0, 0, 5, 19, 105
"/Users/jianglind/Desktop/code/seaweedfs/weed/server/filer_server_handlers_write_upload.go", "Go", 146, 0, 0, 0, 0, 0, 0, 8, 29, 183
"/Users/jianglind/Desktop/code/seaweedfs/weed/server/filer_server_rocksdb.go", "Go", 4, 0, 0, 0, 0, 0, 0, 2, 3, 9
"/Users/jianglind/Desktop/code/seaweedfs/weed/server/filer_ui/breadcrumb.go", "Go", 23, 0, 0, 0, 0, 0, 0, 0, 7, 30
"/Users/jianglind/Desktop/code/seaweedfs/weed/server/filer_ui/filer.html", "HTML", 0, 0, 0, 149, 0, 0, 0, 0, 25, 174
"/Users/jianglind/Desktop/code/seaweedfs/weed/server/filer_ui/templates.go", "Go", 19, 0, 0, 0, 0, 0, 0, 1, 6, 26
"/Users/jianglind/Desktop/code/seaweedfs/weed/server/master_grpc_server.go", "Go", 275, 0, 0, 0, 0, 0, 0, 18, 46, 339
"/Users/jianglind/Desktop/code/seaweedfs/weed/server/master_grpc_server_admin.go", "Go", 85, 0, 0, 0, 0, 0, 0, 45, 15, 145
"/Users/jianglind/Desktop/code/seaweedfs/weed/server/master_grpc_server_cluster.go", "Go", 33, 0, 0, 0, 0, 0, 0, 0, 8, 41
"/Users/jianglind/Desktop/code/seaweedfs/weed/server/master_grpc_server_collection.go", "Go", 71, 0, 0, 0, 0, 0, 0, 0, 25, 96
"/Users/jianglind/Desktop/code/seaweedfs/weed/server/master_grpc_server_volume.go", "Go", 224, 0, 0, 0, 0, 0, 0, 5, 46, 275
"/Users/jianglind/Desktop/code/seaweedfs/weed/server/master_server.go", "Go", 249, 0, 0, 0, 0, 0, 0, 9, 48, 306
"/Users/jianglind/Desktop/code/seaweedfs/weed/server/master_server_handlers.go", "Go", 144, 0, 0, 0, 0, 0, 0, 5, 13, 162
"/Users/jianglind/Desktop/code/seaweedfs/weed/server/master_server_handlers_admin.go", "Go", 158, 0, 0, 0, 0, 0, 0, 1, 15, 174
"/Users/jianglind/Desktop/code/seaweedfs/weed/server/master_server_handlers_ui.go", "Go", 29, 0, 0, 0, 0, 0, 0, 0, 4, 33
"/Users/jianglind/Desktop/code/seaweedfs/weed/server/master_ui/master.html", "HTML", 0, 0, 0, 106, 0, 0, 0, 0, 5, 111
"/Users/jianglind/Desktop/code/seaweedfs/weed/server/master_ui/templates.go", "Go", 7, 0, 0, 0, 0, 0, 0, 1, 4, 12
"/Users/jianglind/Desktop/code/seaweedfs/weed/server/raft_server.go", "Go", 134, 0, 0, 0, 0, 0, 0, 4, 30, 168
"/Users/jianglind/Desktop/code/seaweedfs/weed/server/raft_server_handlers.go", "Go", 23, 0, 0, 0, 0, 0, 0, 0, 5, 28
"/Users/jianglind/Desktop/code/seaweedfs/weed/server/volume_grpc_admin.go", "Go", 172, 0, 0, 0, 0, 0, 0, 4, 74, 250
"/Users/jianglind/Desktop/code/seaweedfs/weed/server/volume_grpc_batch_delete.go", "Go", 77, 0, 0, 0, 0, 0, 0, 0, 12, 89
"/Users/jianglind/Desktop/code/seaweedfs/weed/server/volume_grpc_client_to_master.go", "Go", 209, 0, 0, 0, 0, 0, 0, 2, 23, 234
"/Users/jianglind/Desktop/code/seaweedfs/weed/server/volume_grpc_copy.go", "Go", 284, 0, 0, 0, 0, 0, 0, 19, 51, 354
"/Users/jianglind/Desktop/code/seaweedfs/weed/server/volume_grpc_copy_incremental.go", "Go", 51, 0, 0, 0, 0, 0, 0, 0, 16, 67
"/Users/jianglind/Desktop/code/seaweedfs/weed/server/volume_grpc_erasure_coding.go", "Go", 295, 0, 0, 0, 0, 0, 0, 34, 85, 414
"/Users/jianglind/Desktop/code/seaweedfs/weed/server/volume_grpc_query.go", "Go", 55, 0, 0, 0, 0, 0, 0, 0, 15, 70
"/Users/jianglind/Desktop/code/seaweedfs/weed/server/volume_grpc_read_all.go", "Go", 28, 0, 0, 0, 0, 0, 0, 0, 9, 37
"/Users/jianglind/Desktop/code/seaweedfs/weed/server/volume_grpc_read_write.go", "Go", 31, 0, 0, 0, 0, 0, 0, 0, 8, 39
"/Users/jianglind/Desktop/code/seaweedfs/weed/server/volume_grpc_remote.go", "Go", 73, 0, 0, 0, 0, 0, 0, 1, 10, 84
"/Users/jianglind/Desktop/code/seaweedfs/weed/server/volume_grpc_tail.go", "Go", 102, 0, 0, 0, 0, 0, 0, 4, 32, 138
"/Users/jianglind/Desktop/code/seaweedfs/weed/server/volume_grpc_tier_download.go", "Go", 62, 0, 0, 0, 0, 0, 0, 9, 15, 86
"/Users/jianglind/Desktop/code/seaweedfs/weed/server/volume_grpc_tier_upload.go", "Go", 71, 0, 0, 0, 0, 0, 0, 9, 16, 96
"/Users/jianglind/Desktop/code/seaweedfs/weed/server/volume_grpc_vacuum.go", "Go", 63, 0, 0, 0, 0, 0, 0, 0, 27, 90
"/Users/jianglind/Desktop/code/seaweedfs/weed/server/volume_server.go", "Go", 107, 0, 0, 0, 0, 0, 0, 7, 19, 133
"/Users/jianglind/Desktop/code/seaweedfs/weed/server/volume_server_handlers.go", "Go", 122, 0, 0, 0, 0, 0, 0, 16, 17, 155
"/Users/jianglind/Desktop/code/seaweedfs/weed/server/volume_server_handlers_admin.go", "Go", 39, 0, 0, 0, 0, 0, 0, 0, 5, 44
"/Users/jianglind/Desktop/code/seaweedfs/weed/server/volume_server_handlers_helper.go", "Go", 96, 0, 0, 0, 0, 0, 0, 9, 11, 116
"/Users/jianglind/Desktop/code/seaweedfs/weed/server/volume_server_handlers_read.go", "Go", 276, 0, 0, 0, 0, 0, 0, 8, 34, 318
"/Users/jianglind/Desktop/code/seaweedfs/weed/server/volume_server_handlers_ui.go", "Go", 54, 0, 0, 0, 0, 0, 0, 0, 4, 58
"/Users/jianglind/Desktop/code/seaweedfs/weed/server/volume_server_handlers_write.go", "Go", 147, 0, 0, 0, 0, 0, 0, 3, 32, 182
"/Users/jianglind/Desktop/code/seaweedfs/weed/server/volume_server_tcp_handlers_write.go", "Go", 110, 0, 0, 0, 0, 0, 0, 0, 28, 138
"/Users/jianglind/Desktop/code/seaweedfs/weed/server/volume_server_ui/templates.go", "Go", 27, 0, 0, 0, 0, 0, 0, 1, 7, 35
"/Users/jianglind/Desktop/code/seaweedfs/weed/server/volume_server_ui/volume.html", "HTML", 0, 0, 0, 192, 0, 0, 0, 0, 6, 198
"/Users/jianglind/Desktop/code/seaweedfs/weed/server/webdav_server.go", "Go", 512, 0, 0, 0, 0, 0, 0, 3, 121, 636
"/Users/jianglind/Desktop/code/seaweedfs/weed/shell/command_cluster_ps.go", "Go", 42, 0, 0, 0, 0, 0, 0, 0, 14, 56
"/Users/jianglind/Desktop/code/seaweedfs/weed/shell/command_collection_delete.go", "Go", 53, 0, 0, 0, 0, 0, 0, 0, 17, 70
"/Users/jianglind/Desktop/code/seaweedfs/weed/shell/command_collection_list.go", "Go", 89, 0, 0, 0, 0, 0, 0, 3, 19, 111
"/Users/jianglind/Desktop/code/seaweedfs/weed/shell/command_ec_balance.go", "Go", 429, 0, 0, 0, 0, 0, 0, 18, 89, 536
"/Users/jianglind/Desktop/code/seaweedfs/weed/shell/command_ec_common.go", "Go", 306, 0, 0, 0, 0, 0, 0, 7, 68, 381
"/Users/jianglind/Desktop/code/seaweedfs/weed/shell/command_ec_decode.go", "Go", 216, 0, 0, 0, 0, 0, 0, 10, 60, 286
"/Users/jianglind/Desktop/code/seaweedfs/weed/shell/command_ec_encode.go", "Go", 226, 0, 0, 0, 0, 0, 0, 14, 59, 299
"/Users/jianglind/Desktop/code/seaweedfs/weed/shell/command_ec_rebuild.go", "Go", 219, 0, 0, 0, 0, 0, 0, 7, 51, 277
"/Users/jianglind/Desktop/code/seaweedfs/weed/shell/command_ec_test.go", "Go", 114, 0, 0, 0, 0, 0, 0, 0, 27, 141
"/Users/jianglind/Desktop/code/seaweedfs/weed/shell/command_fs_cat.go", "Go", 47, 0, 0, 0, 0, 0, 0, 0, 18, 65
"/Users/jianglind/Desktop/code/seaweedfs/weed/shell/command_fs_cd.go", "Go", 36, 0, 0, 0, 0, 0, 0, 0, 15, 51
"/Users/jianglind/Desktop/code/seaweedfs/weed/shell/command_fs_configure.go", "Go", 101, 0, 0, 0, 0, 0, 0, 3, 27, 131
"/Users/jianglind/Desktop/code/seaweedfs/weed/shell/command_fs_du.go", "Go", 65, 0, 0, 0, 0, 0, 0, 0, 20, 85
"/Users/jianglind/Desktop/code/seaweedfs/weed/shell/command_fs_ls.go", "Go", 90, 0, 0, 0, 0, 0, 0, 1, 21, 112
"/Users/jianglind/Desktop/code/seaweedfs/weed/shell/command_fs_meta_cat.go", "Go", 60, 0, 0, 0, 0, 0, 0, 2, 22, 84
"/Users/jianglind/Desktop/code/seaweedfs/weed/shell/command_fs_meta_load.go", "Go", 74, 0, 0, 0, 0, 0, 0, 0, 29, 103
"/Users/jianglind/Desktop/code/seaweedfs/weed/shell/command_fs_meta_notify.go", "Go", 52, 0, 0, 0, 0, 0, 0, 0, 22, 74
"/Users/jianglind/Desktop/code/seaweedfs/weed/shell/command_fs_meta_save.go", "Go", 128, 0, 0, 0, 0, 0, 0, 1, 35, 164
"/Users/jianglind/Desktop/code/seaweedfs/weed/shell/command_fs_mkdir.go", "Go", 45, 0, 0, 0, 0, 0, 0, 0, 13, 58
"/Users/jianglind/Desktop/code/seaweedfs/weed/shell/command_fs_mv.go", "Go", 64, 0, 0, 0, 0, 0, 0, 4, 27, 95
"/Users/jianglind/Desktop/code/seaweedfs/weed/shell/command_fs_pwd.go", "Go", 20, 0, 0, 0, 0, 0, 0, 0, 9, 29
"/Users/jianglind/Desktop/code/seaweedfs/weed/shell/command_fs_rm.go", "Go", 85, 0, 0, 0, 0, 0, 0, 0, 16, 101
"/Users/jianglind/Desktop/code/seaweedfs/weed/shell/command_fs_tree.go", "Go", 91, 0, 0, 0, 0, 0, 0, 0, 23, 114
"/Users/jianglind/Desktop/code/seaweedfs/weed/shell/command_lock_unlock.go", "Go", 36, 0, 0, 0, 0, 0, 0, 2, 18, 56
"/Users/jianglind/Desktop/code/seaweedfs/weed/shell/command_remote_cache.go", "Go", 152, 0, 0, 0, 0, 0, 0, 1, 35, 188
"/Users/jianglind/Desktop/code/seaweedfs/weed/shell/command_remote_configure.go", "Go", 178, 0, 0, 0, 0, 0, 0, 2, 57, 237
"/Users/jianglind/Desktop/code/seaweedfs/weed/shell/command_remote_meta_sync.go", "Go", 112, 0, 0, 0, 0, 0, 0, 39, 28, 179
"/Users/jianglind/Desktop/code/seaweedfs/weed/shell/command_remote_mount.go", "Go", 148, 0, 0, 0, 0, 0, 0, 16, 36, 200
"/Users/jianglind/Desktop/code/seaweedfs/weed/shell/command_remote_mount_buckets.go", "Go", 91, 0, 0, 0, 0, 0, 0, 4, 27, 122
"/Users/jianglind/Desktop/code/seaweedfs/weed/shell/command_remote_uncache.go", "Go", 147, 0, 0, 0, 0, 0, 0, 1, 30, 178
"/Users/jianglind/Desktop/code/seaweedfs/weed/shell/command_remote_unmount.go", "Go", 91, 0, 0, 0, 0, 0, 0, 4, 26, 121
"/Users/jianglind/Desktop/code/seaweedfs/weed/shell/command_s3_bucket_create.go", "Go", 65, 0, 0, 0, 0, 0, 0, 0, 21, 86
"/Users/jianglind/Desktop/code/seaweedfs/weed/shell/command_s3_bucket_delete.go", "Go", 51, 0, 0, 0, 0, 0, 0, 1, 16, 68
"/Users/jianglind/Desktop/code/seaweedfs/weed/shell/command_s3_bucket_list.go", "Go", 77, 0, 0, 0, 0, 0, 0, 1, 21, 99
"/Users/jianglind/Desktop/code/seaweedfs/weed/shell/command_s3_bucket_quota.go", "Go", 73, 0, 0, 0, 0, 0, 0, 0, 21, 94
"/Users/jianglind/Desktop/code/seaweedfs/weed/shell/command_s3_bucket_quota_check.go", "Go", 109, 0, 0, 0, 0, 0, 0, 5, 23, 137
"/Users/jianglind/Desktop/code/seaweedfs/weed/shell/command_s3_clean_uploads.go", "Go", 72, 0, 0, 0, 0, 0, 0, 0, 21, 93
"/Users/jianglind/Desktop/code/seaweedfs/weed/shell/command_s3_configure.go", "Go", 163, 0, 0, 0, 0, 0, 0, 0, 21, 184
"/Users/jianglind/Desktop/code/seaweedfs/weed/shell/command_volume_balance.go", "Go", 326, 0, 0, 0, 0, 0, 0, 6, 56, 388
"/Users/jianglind/Desktop/code/seaweedfs/weed/shell/command_volume_balance_test.go", "Go", 175, 0, 0, 0, 0, 0, 0, 0, 22, 197
"/Users/jianglind/Desktop/code/seaweedfs/weed/shell/command_volume_check_disk.go", "Go", 218, 0, 0, 0, 0, 0, 0, 6, 53, 277
"/Users/jianglind/Desktop/code/seaweedfs/weed/shell/command_volume_configure_replication.go", "Go", 102, 0, 0, 0, 0, 0, 0, 2, 23, 127
"/Users/jianglind/Desktop/code/seaweedfs/weed/shell/command_volume_copy.go", "Go", 42, 0, 0, 0, 0, 0, 0, 0, 17, 59
"/Users/jianglind/Desktop/code/seaweedfs/weed/shell/command_volume_delete.go", "Go", 35, 0, 0, 0, 0, 0, 0, 0, 17, 52
"/Users/jianglind/Desktop/code/seaweedfs/weed/shell/command_volume_delete_empty.go", "Go", 59, 0, 0, 0, 0, 0, 0, 1, 16, 76
"/Users/jianglind/Desktop/code/seaweedfs/weed/shell/command_volume_fix_replication.go", "Go", 409, 0, 0, 0, 0, 0, 0, 61, 80, 550
"/Users/jianglind/Desktop/code/seaweedfs/weed/shell/command_volume_fix_replication_test.go", "Go", 406, 0, 0, 0, 0, 0, 0, 0, 29, 435
"/Users/jianglind/Desktop/code/seaweedfs/weed/shell/command_volume_fsck.go", "Go", 460, 0, 0, 0, 0, 0, 0, 10, 84, 554
"/Users/jianglind/Desktop/code/seaweedfs/weed/shell/command_volume_list.go", "Go", 152, 0, 0, 0, 0, 0, 0, 1, 23, 176
"/Users/jianglind/Desktop/code/seaweedfs/weed/shell/command_volume_list_test.go", "Go", 885, 0, 0, 0, 0, 0, 0, 0, 9, 894
"/Users/jianglind/Desktop/code/seaweedfs/weed/shell/command_volume_mark.go", "Go", 43, 0, 0, 0, 0, 0, 0, 0, 14, 57
"/Users/jianglind/Desktop/code/seaweedfs/weed/shell/command_volume_mount.go", "Go", 47, 0, 0, 0, 0, 0, 0, 0, 18, 65
"/Users/jianglind/Desktop/code/seaweedfs/weed/shell/command_volume_move.go", "Go", 180, 0, 0, 0, 0, 0, 0, 4, 37, 221
"/Users/jianglind/Desktop/code/seaweedfs/weed/shell/command_volume_server_evacuate.go", "Go", 184, 0, 0, 0, 0, 0, 0, 9, 36, 229
"/Users/jianglind/Desktop/code/seaweedfs/weed/shell/command_volume_server_evacuate_test.go", "Go", 12, 0, 0, 0, 0, 0, 0, 0, 6, 18
"/Users/jianglind/Desktop/code/seaweedfs/weed/shell/command_volume_server_leave.go", "Go", 53, 0, 0, 0, 0, 0, 0, 0, 16, 69
"/Users/jianglind/Desktop/code/seaweedfs/weed/shell/command_volume_tier_download.go", "Go", 129, 0, 0, 0, 0, 0, 0, 7, 38, 174
"/Users/jianglind/Desktop/code/seaweedfs/weed/shell/command_volume_tier_move.go", "Go", 223, 0, 0, 0, 0, 0, 0, 15, 53, 291
"/Users/jianglind/Desktop/code/seaweedfs/weed/shell/command_volume_tier_upload.go", "Go", 111, 0, 0, 0, 0, 0, 0, 5, 37, 153
"/Users/jianglind/Desktop/code/seaweedfs/weed/shell/command_volume_unmount.go", "Go", 47, 0, 0, 0, 0, 0, 0, 0, 18, 65
"/Users/jianglind/Desktop/code/seaweedfs/weed/shell/command_volume_vacuum.go", "Go", 40, 0, 0, 0, 0, 0, 0, 0, 14, 54
"/Users/jianglind/Desktop/code/seaweedfs/weed/shell/commands.go", "Go", 108, 0, 0, 0, 0, 0, 0, 1, 30, 139
"/Users/jianglind/Desktop/code/seaweedfs/weed/shell/shell_liner.go", "Go", 176, 0, 0, 0, 0, 0, 0, 0, 32, 208
"/Users/jianglind/Desktop/code/seaweedfs/weed/static/bootstrap/3.3.1/css/bootstrap.min.css", "CSS", 0, 0, 1, 0, 0, 0, 0, 4, 0, 5
"/Users/jianglind/Desktop/code/seaweedfs/weed/static/javascript/jquery-3.6.0.min.js", "JavaScript", 0, 1, 0, 0, 0, 0, 0, 1, 1, 3
"/Users/jianglind/Desktop/code/seaweedfs/weed/static/javascript/jquery-sparklines/2.1.2/jquery.sparkline.min.js", "JavaScript", 0, 2, 0, 0, 0, 0, 0, 2, 1, 5
"/Users/jianglind/Desktop/code/seaweedfs/weed/stats/disk.go", "Go", 13, 0, 0, 0, 0, 0, 0, 0, 3, 16
"/Users/jianglind/Desktop/code/seaweedfs/weed/stats/disk_notsupported.go", "Go", 5, 0, 0, 0, 0, 0, 0, 2, 4, 11
"/Users/jianglind/Desktop/code/seaweedfs/weed/stats/disk_supported.go", "Go", 18, 0, 0, 0, 0, 0, 0, 2, 5, 25
"/Users/jianglind/Desktop/code/seaweedfs/weed/stats/disk_windows.go", "Go", 38, 0, 0, 0, 0, 0, 0, 1, 9, 48
"/Users/jianglind/Desktop/code/seaweedfs/weed/stats/duration_counter.go", "Go", 84, 0, 0, 0, 0, 0, 0, 1, 10, 95
"/Users/jianglind/Desktop/code/seaweedfs/weed/stats/duration_counter_test.go", "Go", 14, 0, 0, 0, 0, 0, 0, 3, 3, 20
"/Users/jianglind/Desktop/code/seaweedfs/weed/stats/memory.go", "Go", 16, 0, 0, 0, 0, 0, 0, 0, 5, 21
"/Users/jianglind/Desktop/code/seaweedfs/weed/stats/memory_notsupported.go", "Go", 5, 0, 0, 0, 0, 0, 0, 2, 4, 11
"/Users/jianglind/Desktop/code/seaweedfs/weed/stats/memory_supported.go", "Go", 10, 0, 0, 0, 0, 0, 0, 8, 4, 22
"/Users/jianglind/Desktop/code/seaweedfs/weed/stats/metrics.go", "Go", 194, 0, 0, 0, 0, 0, 0, 0, 30, 224
"/Users/jianglind/Desktop/code/seaweedfs/weed/stats/stats.go", "Go", 105, 0, 0, 0, 0, 0, 0, 0, 9, 114
"/Users/jianglind/Desktop/code/seaweedfs/weed/storage/backend/backend.go", "Go", 122, 0, 0, 0, 0, 0, 0, 2, 19, 143
"/Users/jianglind/Desktop/code/seaweedfs/weed/storage/backend/disk_file.go", "Go", 69, 0, 0, 0, 0, 0, 0, 0, 14, 83
"/Users/jianglind/Desktop/code/seaweedfs/weed/storage/backend/memory_map/memory_map.go", "Go", 26, 0, 0, 0, 0, 0, 0, 0, 5, 31
"/Users/jianglind/Desktop/code/seaweedfs/weed/storage/backend/memory_map/memory_map_backend.go", "Go", 49, 0, 0, 0, 0, 0, 0, 2, 12, 63
"/Users/jianglind/Desktop/code/seaweedfs/weed/storage/backend/memory_map/memory_map_other.go", "Go", 15, 0, 0, 0, 0, 0, 0, 2, 9, 26
"/Users/jianglind/Desktop/code/seaweedfs/weed/storage/backend/memory_map/memory_map_test.go", "Go", 8, 0, 0, 0, 0, 0, 0, 0, 3, 11
"/Users/jianglind/Desktop/code/seaweedfs/weed/storage/backend/memory_map/memory_map_windows.go", "Go", 210, 0, 0, 0, 0, 0, 0, 58, 59, 327
"/Users/jianglind/Desktop/code/seaweedfs/weed/storage/backend/memory_map/os_overloads/file_windows.go", "Go", 107, 0, 0, 0, 0, 0, 0, 50, 12, 169
"/Users/jianglind/Desktop/code/seaweedfs/weed/storage/backend/memory_map/os_overloads/syscall_windows.go", "Go", 63, 0, 0, 0, 0, 0, 0, 7, 11, 81
"/Users/jianglind/Desktop/code/seaweedfs/weed/storage/backend/memory_map/os_overloads/types_windows.go", "Go", 4, 0, 0, 0, 0, 0, 0, 3, 3, 10
"/Users/jianglind/Desktop/code/seaweedfs/weed/storage/backend/s3_backend/s3_backend.go", "Go", 138, 0, 0, 0, 0, 0, 0, 1, 47, 186
"/Users/jianglind/Desktop/code/seaweedfs/weed/storage/backend/s3_backend/s3_download.go", "Go", 73, 0, 0, 0, 0, 0, 0, 6, 20, 99
"/Users/jianglind/Desktop/code/seaweedfs/weed/storage/backend/s3_backend/s3_sessions.go", "Go", 55, 0, 0, 0, 0, 0, 0, 0, 16, 71
"/Users/jianglind/Desktop/code/seaweedfs/weed/storage/backend/s3_backend/s3_upload.go", "Go", 74, 0, 0, 0, 0, 0, 0, 6, 21, 101
"/Users/jianglind/Desktop/code/seaweedfs/weed/storage/backend/volume_create.go", "Go", 15, 0, 0, 0, 0, 0, 0, 2, 5, 22
"/Users/jianglind/Desktop/code/seaweedfs/weed/storage/backend/volume_create_linux.go", "Go", 17, 0, 0, 0, 0, 0, 0, 2, 5, 24
"/Users/jianglind/Desktop/code/seaweedfs/weed/storage/backend/volume_create_windows.go", "Go", 25, 0, 0, 0, 0, 0, 0, 2, 7, 34
"/Users/jianglind/Desktop/code/seaweedfs/weed/storage/disk_location.go", "Go", 318, 0, 0, 0, 0, 0, 0, 9, 65, 392
"/Users/jianglind/Desktop/code/seaweedfs/weed/storage/disk_location_ec.go", "Go", 169, 0, 0, 0, 0, 0, 0, 0, 34, 203
"/Users/jianglind/Desktop/code/seaweedfs/weed/storage/erasure_coding/ec_decoder.go", "Go", 160, 0, 0, 0, 0, 0, 0, 6, 37, 203
"/Users/jianglind/Desktop/code/seaweedfs/weed/storage/erasure_coding/ec_encoder.go", "Go", 253, 0, 0, 0, 0, 0, 0, 7, 47, 307
"/Users/jianglind/Desktop/code/seaweedfs/weed/storage/erasure_coding/ec_locate.go", "Go", 71, 0, 0, 0, 0, 0, 0, 2, 15, 88
"/Users/jianglind/Desktop/code/seaweedfs/weed/storage/erasure_coding/ec_shard.go", "Go", 76, 0, 0, 0, 0, 0, 0, 1, 21, 98
"/Users/jianglind/Desktop/code/seaweedfs/weed/storage/erasure_coding/ec_test.go", "Go", 168, 0, 0, 0, 0, 0, 0, 0, 40, 208
"/Users/jianglind/Desktop/code/seaweedfs/weed/storage/erasure_coding/ec_volume.go", "Go", 209, 0, 0, 0, 0, 0, 0, 6, 37, 252
"/Users/jianglind/Desktop/code/seaweedfs/weed/storage/erasure_coding/ec_volume_delete.go", "Go", 73, 0, 0, 0, 0, 0, 0, 0, 26, 99
"/Users/jianglind/Desktop/code/seaweedfs/weed/storage/erasure_coding/ec_volume_info.go", "Go", 95, 0, 0, 0, 0, 0, 0, 1, 22, 118
"/Users/jianglind/Desktop/code/seaweedfs/weed/storage/erasure_coding/ec_volume_test.go", "Go", 42, 0, 0, 0, 0, 0, 0, 0, 13, 55
"/Users/jianglind/Desktop/code/seaweedfs/weed/storage/idx/walk.go", "Go", 46, 0, 0, 0, 0, 0, 0, 2, 7, 55
"/Users/jianglind/Desktop/code/seaweedfs/weed/storage/needle/async_request.go", "Go", 46, 0, 0, 0, 0, 0, 0, 0, 8, 54
"/Users/jianglind/Desktop/code/seaweedfs/weed/storage/needle/crc.go", "Go", 39, 0, 0, 0, 0, 0, 0, 0, 16, 55
"/Users/jianglind/Desktop/code/seaweedfs/weed/storage/needle/file_id.go", "Go", 65, 0, 0, 0, 0, 0, 0, 2, 15, 82
"/Users/jianglind/Desktop/code/seaweedfs/weed/storage/needle/file_id_test.go", "Go", 48, 0, 0, 0, 0, 0, 0, 0, 8, 56
"/Users/jianglind/Desktop/code/seaweedfs/weed/storage/needle/needle.go", "Go", 143, 0, 0, 0, 0, 0, 0, 5, 19, 167
"/Users/jianglind/Desktop/code/seaweedfs/weed/storage/needle/needle_parse_upload.go", "Go", 171, 0, 0, 0, 0, 0, 0, 13, 24, 208
"/Users/jianglind/Desktop/code/seaweedfs/weed/storage/needle/needle_read_write.go", "Go", 393, 0, 0, 0, 0, 0, 0, 7, 48, 448
"/Users/jianglind/Desktop/code/seaweedfs/weed/storage/needle/needle_read_write_test.go", "Go", 45, 0, 0, 0, 0, 0, 0, 10, 10, 65
"/Users/jianglind/Desktop/code/seaweedfs/weed/storage/needle/needle_test.go", "Go", 36, 0, 0, 0, 0, 0, 0, 7, 7, 50
"/Users/jianglind/Desktop/code/seaweedfs/weed/storage/needle/volume_id.go", "Go", 15, 0, 0, 0, 0, 0, 0, 0, 4, 19
"/Users/jianglind/Desktop/code/seaweedfs/weed/storage/needle/volume_id_test.go", "Go", 36, 0, 0, 0, 0, 0, 0, 0, 10, 46
"/Users/jianglind/Desktop/code/seaweedfs/weed/storage/needle/volume_ttl.go", "Go", 157, 0, 0, 0, 0, 0, 0, 12, 14, 183
"/Users/jianglind/Desktop/code/seaweedfs/weed/storage/needle/volume_ttl_test.go", "Go", 52, 0, 0, 0, 0, 0, 0, 0, 14, 66
"/Users/jianglind/Desktop/code/seaweedfs/weed/storage/needle/volume_version.go", "Go", 8, 0, 0, 0, 0, 0, 0, 0, 3, 11
"/Users/jianglind/Desktop/code/seaweedfs/weed/storage/needle_map.go", "Go", 73, 0, 0, 0, 0, 0, 0, 0, 13, 86
"/Users/jianglind/Desktop/code/seaweedfs/weed/storage/needle_map/compact_map.go", "Go", 284, 0, 0, 0, 0, 0, 0, 15, 22, 321
"/Users/jianglind/Desktop/code/seaweedfs/weed/storage/needle_map/compact_map_cases_test.go", "Go", 22, 0, 0, 0, 0, 0, 0, 2, 11, 35
"/Users/jianglind/Desktop/code/seaweedfs/weed/storage/needle_map/compact_map_perf_test.go", "Go", 63, 0, 0, 0, 0, 0, 0, 13, 17, 93
"/Users/jianglind/Desktop/code/seaweedfs/weed/storage/needle_map/compact_map_test.go", "Go", 134, 0, 0, 0, 0, 0, 0, 5, 28, 167
"/Users/jianglind/Desktop/code/seaweedfs/weed/storage/needle_map/memdb.go", "Go", 98, 0, 0, 0, 0, 0, 0, 2, 26, 126
"/Users/jianglind/Desktop/code/seaweedfs/weed/storage/needle_map/memdb_test.go", "Go", 18, 0, 0, 0, 0, 0, 0, 0, 6, 24
"/Users/jianglind/Desktop/code/seaweedfs/weed/storage/needle_map/needle_value.go", "Go", 25, 0, 0, 0, 0, 0, 0, 0, 6, 31
"/Users/jianglind/Desktop/code/seaweedfs/weed/storage/needle_map/needle_value_map.go", "Go", 10, 0, 0, 0, 0, 0, 0, 0, 3, 13
"/Users/jianglind/Desktop/code/seaweedfs/weed/storage/needle_map_leveldb.go", "Go", 141, 0, 0, 0, 0, 0, 0, 3, 23, 167
"/Users/jianglind/Desktop/code/seaweedfs/weed/storage/needle_map_memory.go", "Go", 74, 0, 0, 0, 0, 0, 0, 0, 8, 82
"/Users/jianglind/Desktop/code/seaweedfs/weed/storage/needle_map_metric.go", "Go", 145, 0, 0, 0, 0, 0, 0, 3, 14, 162
"/Users/jianglind/Desktop/code/seaweedfs/weed/storage/needle_map_metric_test.go", "Go", 24, 0, 0, 0, 0, 0, 0, 0, 8, 32
"/Users/jianglind/Desktop/code/seaweedfs/weed/storage/needle_map_sorted_file.go", "Go", 89, 0, 0, 0, 0, 0, 0, 2, 19, 110
"/Users/jianglind/Desktop/code/seaweedfs/weed/storage/store.go", "Go", 470, 0, 0, 0, 0, 0, 0, 6, 51, 527
"/Users/jianglind/Desktop/code/seaweedfs/weed/storage/store_ec.go", "Go", 328, 0, 0, 0, 0, 0, 0, 7, 62, 397
"/Users/jianglind/Desktop/code/seaweedfs/weed/storage/store_ec_delete.go", "Go", 77, 0, 0, 0, 0, 0, 0, 1, 29, 107
"/Users/jianglind/Desktop/code/seaweedfs/weed/storage/store_vacuum.go", "Go", 36, 0, 0, 0, 0, 0, 0, 0, 4, 40
"/Users/jianglind/Desktop/code/seaweedfs/weed/storage/super_block/replica_placement.go", "Go", 49, 0, 0, 0, 0, 0, 0, 0, 8, 57
"/Users/jianglind/Desktop/code/seaweedfs/weed/storage/super_block/replica_placement_test.go", "Go", 12, 0, 0, 0, 0, 0, 0, 0, 3, 15
"/Users/jianglind/Desktop/code/seaweedfs/weed/storage/super_block/super_block.go", "Go", 50, 0, 0, 0, 0, 0, 0, 9, 11, 70
"/Users/jianglind/Desktop/code/seaweedfs/weed/storage/super_block/super_block_read.go.go", "Go", 34, 0, 0, 0, 0, 0, 0, 2, 9, 45
"/Users/jianglind/Desktop/code/seaweedfs/weed/storage/super_block/super_block_test.go", "Go", 19, 0, 0, 0, 0, 0, 0, 0, 7, 26
"/Users/jianglind/Desktop/code/seaweedfs/weed/storage/types/needle_id_type.go", "Go", 33, 0, 0, 0, 0, 0, 0, 1, 10, 44
"/Users/jianglind/Desktop/code/seaweedfs/weed/storage/types/needle_types.go", "Go", 55, 0, 0, 0, 0, 0, 0, 0, 14, 69
"/Users/jianglind/Desktop/code/seaweedfs/weed/storage/types/offset_4bytes.go", "Go", 49, 0, 0, 0, 0, 0, 0, 4, 12, 65
"/Users/jianglind/Desktop/code/seaweedfs/weed/storage/types/offset_5bytes.go", "Go", 67, 0, 0, 0, 0, 0, 0, 3, 12, 82
"/Users/jianglind/Desktop/code/seaweedfs/weed/storage/types/volume_disk_type.go", "Go", 34, 0, 0, 0, 0, 0, 0, 0, 7, 41
"/Users/jianglind/Desktop/code/seaweedfs/weed/storage/volume.go", "Go", 253, 0, 0, 0, 0, 0, 0, 9, 46, 308
"/Users/jianglind/Desktop/code/seaweedfs/weed/storage/volume_backup.go", "Go", 230, 0, 0, 0, 0, 0, 0, 34, 50, 314
"/Users/jianglind/Desktop/code/seaweedfs/weed/storage/volume_backup_test.go", "Go", 34, 0, 0, 0, 0, 0, 0, 0, 6, 40
"/Users/jianglind/Desktop/code/seaweedfs/weed/storage/volume_checking.go", "Go", 155, 0, 0, 0, 0, 0, 0, 2, 10, 167
"/Users/jianglind/Desktop/code/seaweedfs/weed/storage/volume_info.go", "Go", 103, 0, 0, 0, 0, 0, 0, 1, 15, 119
"/Users/jianglind/Desktop/code/seaweedfs/weed/storage/volume_info/volume_info.go", "Go", 64, 0, 0, 0, 0, 0, 0, 1, 20, 85
"/Users/jianglind/Desktop/code/seaweedfs/weed/storage/volume_info_test.go", "Go", 24, 0, 0, 0, 0, 0, 0, 0, 4, 28
"/Users/jianglind/Desktop/code/seaweedfs/weed/storage/volume_loading.go", "Go", 167, 0, 0, 0, 0, 0, 0, 4, 16, 187
"/Users/jianglind/Desktop/code/seaweedfs/weed/storage/volume_read.go", "Go", 117, 0, 0, 0, 0, 0, 0, 5, 13, 135
"/Users/jianglind/Desktop/code/seaweedfs/weed/storage/volume_read_all.go", "Go", 35, 0, 0, 0, 0, 0, 0, 0, 8, 43
"/Users/jianglind/Desktop/code/seaweedfs/weed/storage/volume_stream_write.go", "Go", 77, 0, 0, 0, 0, 0, 0, 7, 21, 105
"/Users/jianglind/Desktop/code/seaweedfs/weed/storage/volume_super_block.go", "Go", 44, 0, 0, 0, 0, 0, 0, 1, 6, 51
"/Users/jianglind/Desktop/code/seaweedfs/weed/storage/volume_tier.go", "Go", 44, 0, 0, 0, 0, 0, 0, 0, 18, 62
"/Users/jianglind/Desktop/code/seaweedfs/weed/storage/volume_vacuum.go", "Go", 378, 0, 0, 0, 0, 0, 0, 19, 63, 460
"/Users/jianglind/Desktop/code/seaweedfs/weed/storage/volume_vacuum_test.go", "Go", 102, 0, 0, 0, 0, 0, 0, 44, 26, 172
"/Users/jianglind/Desktop/code/seaweedfs/weed/storage/volume_write.go", "Go", 265, 0, 0, 0, 0, 0, 0, 27, 41, 333
"/Users/jianglind/Desktop/code/seaweedfs/weed/storage/volume_write_test.go", "Go", 49, 0, 0, 0, 0, 0, 0, 0, 12, 61
"/Users/jianglind/Desktop/code/seaweedfs/weed/topology/allocate_volume.go", "Go", 25, 0, 0, 0, 0, 0, 0, 0, 8, 33
"/Users/jianglind/Desktop/code/seaweedfs/weed/topology/cluster_commands.go", "Go", 24, 0, 0, 0, 0, 0, 0, 0, 8, 32
"/Users/jianglind/Desktop/code/seaweedfs/weed/topology/collection.go", "Go", 69, 0, 0, 0, 0, 0, 0, 0, 10, 79
"/Users/jianglind/Desktop/code/seaweedfs/weed/topology/configuration.go", "Go", 44, 0, 0, 0, 0, 0, 0, 0, 8, 52
"/Users/jianglind/Desktop/code/seaweedfs/weed/topology/data_center.go", "Go", 49, 0, 0, 0, 0, 0, 0, 0, 7, 56
"/Users/jianglind/Desktop/code/seaweedfs/weed/topology/data_node.go", "Go", 241, 0, 0, 0, 0, 0, 0, 5, 36, 282
"/Users/jianglind/Desktop/code/seaweedfs/weed/topology/data_node_ec.go", "Go", 112, 0, 0, 0, 0, 0, 0, 5, 26, 143
"/Users/jianglind/Desktop/code/seaweedfs/weed/topology/disk.go", "Go", 238, 0, 0, 0, 0, 0, 0, 1, 32, 271
"/Users/jianglind/Desktop/code/seaweedfs/weed/topology/disk_ec.go", "Go", 65, 0, 0, 0, 0, 0, 0, 2, 18, 85
"/Users/jianglind/Desktop/code/seaweedfs/weed/topology/node.go", "Go", 241, 0, 0, 0, 0, 0, 0, 7, 18, 266
"/Users/jianglind/Desktop/code/seaweedfs/weed/topology/rack.go", "Go", 72, 0, 0, 0, 0, 0, 0, 0, 7, 79
"/Users/jianglind/Desktop/code/seaweedfs/weed/topology/store_replicate.go", "Go", 169, 0, 0, 0, 0, 0, 0, 9, 26, 204
"/Users/jianglind/Desktop/code/seaweedfs/weed/topology/topology.go", "Go", 243, 0, 0, 0, 0, 0, 0, 4, 39, 286
"/Users/jianglind/Desktop/code/seaweedfs/weed/topology/topology_ec.go", "Go", 149, 0, 0, 0, 0, 0, 0, 3, 26, 178
"/Users/jianglind/Desktop/code/seaweedfs/weed/topology/topology_event_handling.go", "Go", 79, 0, 0, 0, 0, 0, 0, 0, 13, 92
"/Users/jianglind/Desktop/code/seaweedfs/weed/topology/topology_map.go", "Go", 86, 0, 0, 0, 0, 0, 0, 0, 6, 92
"/Users/jianglind/Desktop/code/seaweedfs/weed/topology/topology_test.go", "Go", 171, 0, 0, 0, 0, 0, 0, 3, 37, 211
"/Users/jianglind/Desktop/code/seaweedfs/weed/topology/topology_vacuum.go", "Go", 192, 0, 0, 0, 0, 0, 0, 2, 22, 216
"/Users/jianglind/Desktop/code/seaweedfs/weed/topology/volume_growth.go", "Go", 205, 0, 0, 0, 0, 0, 0, 18, 20, 243
"/Users/jianglind/Desktop/code/seaweedfs/weed/topology/volume_growth_test.go", "Go", 330, 0, 0, 0, 0, 0, 0, 3, 16, 349
"/Users/jianglind/Desktop/code/seaweedfs/weed/topology/volume_layout.go", "Go", 418, 0, 0, 0, 0, 0, 0, 10, 70, 498
"/Users/jianglind/Desktop/code/seaweedfs/weed/topology/volume_layout_test.go", "Go", 108, 0, 0, 0, 0, 0, 0, 0, 9, 117
"/Users/jianglind/Desktop/code/seaweedfs/weed/topology/volume_location_list.go", "Go", 80, 0, 0, 0, 0, 0, 0, 2, 14, 96
"/Users/jianglind/Desktop/code/seaweedfs/weed/util/bounded_tree/bounded_tree.go", "Go", 124, 0, 0, 0, 0, 0, 0, 18, 38, 180
"/Users/jianglind/Desktop/code/seaweedfs/weed/util/bounded_tree/bounded_tree_test.go", "Go", 91, 0, 0, 0, 0, 0, 0, 9, 27, 127
"/Users/jianglind/Desktop/code/seaweedfs/weed/util/buffered_writer/buffered_writer.go", "Go", 42, 0, 0, 0, 0, 0, 0, 0, 11, 53
"/Users/jianglind/Desktop/code/seaweedfs/weed/util/bytes.go", "Go", 207, 0, 0, 0, 0, 0, 0, 17, 35, 259
"/Users/jianglind/Desktop/code/seaweedfs/weed/util/bytes_test.go", "Go", 52, 0, 0, 0, 0, 0, 0, 4, 4, 60
"/Users/jianglind/Desktop/code/seaweedfs/weed/util/chunk_cache/chunk_cache.go", "Go", 161, 0, 0, 0, 0, 0, 0, 1, 37, 199
"/Users/jianglind/Desktop/code/seaweedfs/weed/util/chunk_cache/chunk_cache_in_memory.go", "Go", 44, 0, 0, 0, 0, 0, 0, 1, 8, 53
"/Users/jianglind/Desktop/code/seaweedfs/weed/util/chunk_cache/chunk_cache_on_disk.go", "Go", 140, 0, 0, 0, 0, 0, 0, 3, 28, 171
"/Users/jianglind/Desktop/code/seaweedfs/weed/util/chunk_cache/chunk_cache_on_disk_test.go", "Go", 65, 0, 0, 0, 0, 0, 0, 17, 16, 98
"/Users/jianglind/Desktop/code/seaweedfs/weed/util/chunk_cache/on_disk_cache_layer.go", "Go", 90, 0, 0, 0, 0, 0, 0, 1, 27, 118
"/Users/jianglind/Desktop/code/seaweedfs/weed/util/cipher.go", "Go", 48, 0, 0, 0, 0, 0, 0, 0, 13, 61
"/Users/jianglind/Desktop/code/seaweedfs/weed/util/cipher_test.go", "Go", 15, 0, 0, 0, 0, 0, 0, 0, 3, 18
"/Users/jianglind/Desktop/code/seaweedfs/weed/util/compression.go", "Go", 104, 0, 0, 0, 0, 0, 0, 32, 18, 154
"/Users/jianglind/Desktop/code/seaweedfs/weed/util/compression_stream.go", "Go", 46, 0, 0, 0, 0, 0, 0, 1, 7, 54
"/Users/jianglind/Desktop/code/seaweedfs/weed/util/concurrent_read_map.go", "Go", 49, 0, 0, 0, 0, 0, 0, 2, 10, 61
"/Users/jianglind/Desktop/code/seaweedfs/weed/util/config.go", "Go", 81, 0, 0, 0, 0, 0, 0, 1, 19, 101
"/Users/jianglind/Desktop/code/seaweedfs/weed/util/constants.go", "Go", 12, 0, 0, 0, 0, 0, 0, 0, 4, 16
"/Users/jianglind/Desktop/code/seaweedfs/weed/util/constants_4bytes.go", "Go", 5, 0, 0, 0, 0, 0, 0, 2, 3, 10
"/Users/jianglind/Desktop/code/seaweedfs/weed/util/constants_5bytes.go", "Go", 5, 0, 0, 0, 0, 0, 0, 2, 3, 10
"/Users/jianglind/Desktop/code/seaweedfs/weed/util/file_util.go", "Go", 80, 0, 0, 0, 0, 0, 0, 3, 15, 98
"/Users/jianglind/Desktop/code/seaweedfs/weed/util/file_util_non_posix.go", "Go", 8, 0, 0, 0, 0, 0, 0, 2, 4, 14
"/Users/jianglind/Desktop/code/seaweedfs/weed/util/file_util_posix.go", "Go", 7, 0, 0, 0, 0, 0, 0, 2, 4, 13
"/Users/jianglind/Desktop/code/seaweedfs/weed/util/fla9/fla9.go", "Go", 703, 0, 0, 0, 0, 0, 0, 299, 148, 1150
"/Users/jianglind/Desktop/code/seaweedfs/weed/util/fullpath.go", "Go", 74, 0, 0, 0, 0, 0, 0, 2, 11, 87
"/Users/jianglind/Desktop/code/seaweedfs/weed/util/grace/pprof.go", "Go", 46, 0, 0, 0, 0, 0, 0, 2, 8, 56
"/Users/jianglind/Desktop/code/seaweedfs/weed/util/grace/signal_handling.go", "Go", 34, 0, 0, 0, 0, 0, 0, 7, 7, 48
"/Users/jianglind/Desktop/code/seaweedfs/weed/util/grace/signal_handling_notsupported.go", "Go", 3, 0, 0, 0, 0, 0, 0, 2, 3, 8
"/Users/jianglind/Desktop/code/seaweedfs/weed/util/http_util.go", "Go", 381, 0, 0, 0, 0, 0, 0, 5, 49, 435
"/Users/jianglind/Desktop/code/seaweedfs/weed/util/httpdown/http_down.go", "Go", 281, 0, 0, 0, 0, 0, 0, 64, 51, 396
"/Users/jianglind/Desktop/code/seaweedfs/weed/util/inits.go", "Go", 39, 0, 0, 0, 0, 0, 0, 2, 12, 53
"/Users/jianglind/Desktop/code/seaweedfs/weed/util/inits_test.go", "Go", 16, 0, 0, 0, 0, 0, 0, 0, 4, 20
"/Users/jianglind/Desktop/code/seaweedfs/weed/util/limiter.go", "Go", 83, 0, 0, 0, 0, 0, 0, 10, 22, 115
"/Users/jianglind/Desktop/code/seaweedfs/weed/util/log_buffer/log_buffer.go", "Go", 235, 0, 0, 0, 0, 0, 0, 41, 40, 316
"/Users/jianglind/Desktop/code/seaweedfs/weed/util/log_buffer/log_buffer_test.go", "Go", 31, 0, 0, 0, 0, 0, 0, 1, 11, 43
"/Users/jianglind/Desktop/code/seaweedfs/weed/util/log_buffer/log_read.go", "Go", 66, 0, 0, 0, 0, 0, 0, 4, 18, 88
"/Users/jianglind/Desktop/code/seaweedfs/weed/util/log_buffer/sealed_buffer.go", "Go", 53, 0, 0, 0, 0, 0, 0, 0, 10, 63
"/Users/jianglind/Desktop/code/seaweedfs/weed/util/mem/slot_pool.go", "Go", 44, 0, 0, 0, 0, 0, 0, 1, 10, 55
"/Users/jianglind/Desktop/code/seaweedfs/weed/util/mem/slot_pool_test.go", "Go", 40, 0, 0, 0, 0, 0, 0, 0, 9, 49
"/Users/jianglind/Desktop/code/seaweedfs/weed/util/minfreespace.go", "Go", 68, 0, 0, 0, 0, 0, 0, 9, 14, 91
"/Users/jianglind/Desktop/code/seaweedfs/weed/util/minfreespace_test.go", "Go", 26, 0, 0, 0, 0, 0, 0, 0, 4, 30
"/Users/jianglind/Desktop/code/seaweedfs/weed/util/net_timeout.go", "Go", 82, 0, 0, 0, 0, 0, 0, 6, 11, 99
"/Users/jianglind/Desktop/code/seaweedfs/weed/util/network.go", "Go", 53, 0, 0, 0, 0, 0, 0, 0, 10, 63
"/Users/jianglind/Desktop/code/seaweedfs/weed/util/parse.go", "Go", 56, 0, 0, 0, 0, 0, 0, 0, 8, 64
"/Users/jianglind/Desktop/code/seaweedfs/weed/util/queue.go", "Go", 48, 0, 0, 0, 0, 0, 0, 0, 14, 62
"/Users/jianglind/Desktop/code/seaweedfs/weed/util/queue_unbounded.go", "Go", 35, 0, 0, 0, 0, 0, 0, 0, 11, 46
"/Users/jianglind/Desktop/code/seaweedfs/weed/util/queue_unbounded_test.go", "Go", 17, 0, 0, 0, 0, 0, 0, 0, 9, 26
"/Users/jianglind/Desktop/code/seaweedfs/weed/util/reflect.go", "Go", 32, 0, 0, 0, 0, 0, 0, 3, 6, 41
"/Users/jianglind/Desktop/code/seaweedfs/weed/util/retry.go", "Go", 57, 0, 0, 0, 0, 0, 0, 1, 7, 65
"/Users/jianglind/Desktop/code/seaweedfs/weed/util/skiplist/Makefile", "Makefile", 0, 0, 0, 0, 0, 4, 0, 0, 3, 7
"/Users/jianglind/Desktop/code/seaweedfs/weed/util/skiplist/list_store.go", "Go", 26, 0, 0, 0, 0, 0, 0, 0, 7, 33
"/Users/jianglind/Desktop/code/seaweedfs/weed/util/skiplist/name_batch.go", "Go", 93, 0, 0, 0, 0, 0, 0, 1, 9, 103
"/Users/jianglind/Desktop/code/seaweedfs/weed/util/skiplist/name_list.go", "Go", 208, 0, 0, 0, 0, 0, 0, 89, 30, 327
"/Users/jianglind/Desktop/code/seaweedfs/weed/util/skiplist/name_list_serde.go", "Go", 64, 0, 0, 0, 0, 0, 0, 0, 8, 72
"/Users/jianglind/Desktop/code/seaweedfs/weed/util/skiplist/name_list_test.go", "Go", 57, 0, 0, 0, 0, 0, 0, 4, 13, 74
"/Users/jianglind/Desktop/code/seaweedfs/weed/util/skiplist/skiplist.go", "Go", 423, 0, 0, 0, 0, 0, 0, 65, 84, 572
"/Users/jianglind/Desktop/code/seaweedfs/weed/util/skiplist/skiplist.pb.go", "Go", 374, 0, 0, 0, 0, 0, 0, 13, 52, 439
"/Users/jianglind/Desktop/code/seaweedfs/weed/util/skiplist/skiplist_serde.go", "Go", 44, 0, 0, 0, 0, 0, 0, 0, 8, 52
"/Users/jianglind/Desktop/code/seaweedfs/weed/util/skiplist/skiplist_test.go", "Go", 222, 0, 0, 0, 0, 0, 0, 20, 49, 291
"/Users/jianglind/Desktop/code/seaweedfs/weed/util/throttler.go", "Go", 29, 0, 0, 0, 0, 0, 0, 1, 5, 35
"/Users/jianglind/Desktop/code/seaweedfs/weed/wdclient/exclusive_locks/exclusive_locker.go", "Go", 108, 0, 0, 0, 0, 0, 0, 4, 20, 132
"/Users/jianglind/Desktop/code/seaweedfs/weed/wdclient/masterclient.go", "Go", 164, 0, 0, 0, 0, 0, 0, 2, 26, 192
"/Users/jianglind/Desktop/code/seaweedfs/weed/wdclient/net2/base_connection_pool.go", "Go", 108, 0, 0, 0, 0, 0, 0, 22, 30, 160
"/Users/jianglind/Desktop/code/seaweedfs/weed/wdclient/net2/connection_pool.go", "Go", 34, 0, 0, 0, 0, 0, 0, 43, 21, 98
"/Users/jianglind/Desktop/code/seaweedfs/weed/wdclient/net2/doc.go", "Go", 1, 0, 0, 0, 0, 0, 0, 4, 2, 7
"/Users/jianglind/Desktop/code/seaweedfs/weed/wdclient/net2/managed_connection.go", "Go", 125, 0, 0, 0, 0, 0, 0, 30, 31, 186
"/Users/jianglind/Desktop/code/seaweedfs/weed/wdclient/net2/port.go", "Go", 16, 0, 0, 0, 0, 0, 0, 1, 3, 20
"/Users/jianglind/Desktop/code/seaweedfs/weed/wdclient/resource_pool/doc.go", "Go", 1, 0, 0, 0, 0, 0, 0, 3, 2, 6
"/Users/jianglind/Desktop/code/seaweedfs/weed/wdclient/resource_pool/managed_handle.go", "Go", 58, 0, 0, 0, 0, 0, 0, 21, 19, 98
"/Users/jianglind/Desktop/code/seaweedfs/weed/wdclient/resource_pool/multi_resource_pool.go", "Go", 141, 0, 0, 0, 0, 0, 0, 20, 40, 201
"/Users/jianglind/Desktop/code/seaweedfs/weed/wdclient/resource_pool/resource_pool.go", "Go", 34, 0, 0, 0, 0, 0, 0, 43, 20, 97
"/Users/jianglind/Desktop/code/seaweedfs/weed/wdclient/resource_pool/semaphore.go", "Go", 104, 0, 0, 0, 0, 0, 0, 35, 16, 155
"/Users/jianglind/Desktop/code/seaweedfs/weed/wdclient/resource_pool/simple_resource_pool.go", "Go", 249, 0, 0, 0, 0, 0, 0, 34, 61, 344
"/Users/jianglind/Desktop/code/seaweedfs/weed/wdclient/vid_map.go", "Go", 141, 0, 0, 0, 0, 0, 0, 0, 27, 168
"/Users/jianglind/Desktop/code/seaweedfs/weed/wdclient/vid_map_test.go", "Go", 65, 0, 0, 0, 0, 0, 0, 3, 9, 77
"/Users/jianglind/Desktop/code/seaweedfs/weed/wdclient/volume_tcp_client.go", "Go", 87, 0, 0, 0, 0, 0, 0, 1, 10, 98
"/Users/jianglind/Desktop/code/seaweedfs/weed/weed.go", "Go", 145, 0, 0, 0, 0, 0, 0, 17, 36, 198
"Total", "-", 92759, 3, 1, 447, 33, 53, 619, 5417, 16878, 116210